Geneid	Entity	Symbol	Label_std	SourceFile	Label_paper
gene-T4p055	phage	46.1	late	Wolfram-Schauerte_full_raw_counts_cleaned_TPM.tsv	middle
gene-T4p021	phage	modB	middle	Wolfram-Schauerte_full_raw_counts_cleaned_TPM.tsv	middle
gene-T4p079	phage	49	late	Wolfram-Schauerte_full_raw_counts_cleaned_TPM.tsv	middle
gene-T4p114	phage	vs.3	late	Wolfram-Schauerte_full_raw_counts_cleaned_TPM.tsv	middle
gene-T4p058	phage	47.1	late	Wolfram-Schauerte_full_raw_counts_cleaned_TPM.tsv	middle
gene-T4p140	phage	3	late	Wolfram-Schauerte_full_raw_counts_cleaned_TPM.tsv	early
gene-T4p250	phage	35	late	Wolfram-Schauerte_full_raw_counts_cleaned_TPM.tsv	middle
gene-T4p026	phage	mrh	late	Wolfram-Schauerte_full_raw_counts_cleaned_TPM.tsv	middle
gene-T4p224	phage	pseT.1	late	Wolfram-Schauerte_full_raw_counts_cleaned_TPM.tsv	middle
gene-T4p082	phage	49.2	late	Wolfram-Schauerte_full_raw_counts_cleaned_TPM.tsv	middle
gene-T4p267	phage	stp	late	Wolfram-Schauerte_full_raw_counts_cleaned_TPM.tsv	middle
gene-T4p022	phage	modA.2	late	Wolfram-Schauerte_full_raw_counts_cleaned_TPM.tsv	middle
gene-T4p027	phage	mrh.1	late	Wolfram-Schauerte_full_raw_counts_cleaned_TPM.tsv	middle
gene-T4p002	phage	rIIA.1	late	Wolfram-Schauerte_full_raw_counts_cleaned_TPM.tsv	middle
gene-T4p081	phage	49.1	late	Wolfram-Schauerte_full_raw_counts_cleaned_TPM.tsv	middle
gene-T4p091	phage	nrdC.7	middle	Wolfram-Schauerte_full_raw_counts_cleaned_TPM.tsv	middle
gene-T4p256	phage	asiA.1	late	Wolfram-Schauerte_full_raw_counts_cleaned_TPM.tsv	middle
gene-T4p229	phage	denA	late	Wolfram-Schauerte_full_raw_counts_cleaned_TPM.tsv	middle
gene-T4p163	phage	17	late	Wolfram-Schauerte_full_raw_counts_cleaned_TPM.tsv	middle
gene-T4p072	phage	nrdH	late	Wolfram-Schauerte_full_raw_counts_cleaned_TPM.tsv	middle
gene-T4p189	phage	26	late	Wolfram-Schauerte_full_raw_counts_cleaned_TPM.tsv	middle
gene-T4p141	phage	2	late	Wolfram-Schauerte_full_raw_counts_cleaned_TPM.tsv	middle
gene-T4p054	phage	46	late	Wolfram-Schauerte_full_raw_counts_cleaned_TPM.tsv	middle
gene-T4p164	phage	gene-T4p164_gene_17	late	Wolfram-Schauerte_full_raw_counts_cleaned_TPM.tsv	middle
gene-T4p176	phage	segD	late	Wolfram-Schauerte_full_raw_counts_cleaned_TPM.tsv	middle
gene-T4t003	phage	gene-T4t003	late	Wolfram-Schauerte_full_raw_counts_cleaned_TPM.tsv	middle
gene-T4p025	phage	srh	late	Wolfram-Schauerte_full_raw_counts_cleaned_TPM.tsv	middle
gene-T4t005	phage	gene-T4t005	late	Wolfram-Schauerte_full_raw_counts_cleaned_TPM.tsv	middle
gene-T4p183	phage	segE	late	Wolfram-Schauerte_full_raw_counts_cleaned_TPM.tsv	early
gene-T4p216	phage	31.2	late	Wolfram-Schauerte_full_raw_counts_cleaned_TPM.tsv	middle
gene-T4p045	phage	imm	middle	Wolfram-Schauerte_full_raw_counts_cleaned_TPM.tsv	middle
gene-T4p195	phage	48	late	Wolfram-Schauerte_full_raw_counts_cleaned_TPM.tsv	early
gene-T4p258	phage	arn.1	late	Wolfram-Schauerte_full_raw_counts_cleaned_TPM.tsv	middle
gene-T4p118	phage	vs.7	late	Wolfram-Schauerte_full_raw_counts_cleaned_TPM.tsv	middle
gene-T4p007	phage	39.1	late	Wolfram-Schauerte_full_raw_counts_cleaned_TPM.tsv	middle
gene-T4s001	phage	gene-T4s001	late	Wolfram-Schauerte_full_raw_counts_cleaned_TPM.tsv	middle
gene-T4p159	phage	13	late	Wolfram-Schauerte_full_raw_counts_cleaned_TPM.tsv	early
gene-T4p115	phage	vs.4	late	Wolfram-Schauerte_full_raw_counts_cleaned_TPM.tsv	middle
gene-T4t004	phage	gene-T4t004	late	Wolfram-Schauerte_full_raw_counts_cleaned_TPM.tsv	middle
gene-T4p098	phage	mobD.2	middle	Wolfram-Schauerte_full_raw_counts_cleaned_TPM.tsv	middle
gene-T4p030	phage	segF	late	Wolfram-Schauerte_full_raw_counts_cleaned_TPM.tsv	middle
gene-T4p263	phage	motA.1	late	Wolfram-Schauerte_full_raw_counts_cleaned_TPM.tsv	middle
gene-T4p272	phage	ndd.3	middle	Wolfram-Schauerte_full_raw_counts_cleaned_TPM.tsv	middle
gene-T4p032	phage	gene-T4p032_gene_dam	late	Wolfram-Schauerte_full_raw_counts_cleaned_TPM.tsv	middle
gene-T4p253	phage	38	late	Wolfram-Schauerte_full_raw_counts_cleaned_TPM.tsv	middle
gene-T4p110	phage	tk.4	late	Wolfram-Schauerte_full_raw_counts_cleaned_TPM.tsv	middle
gene-T4p111	phage	vs	late	Wolfram-Schauerte_full_raw_counts_cleaned_TPM.tsv	middle
gene-T4p147	phage	5.1	late	Wolfram-Schauerte_full_raw_counts_cleaned_TPM.tsv	middle
gene-T4p100	phage	mobD.3	middle	Wolfram-Schauerte_full_raw_counts_cleaned_TPM.tsv	middle
gene-T4p198	phage	alt.-2	late	Wolfram-Schauerte_full_raw_counts_cleaned_TPM.tsv	middle
gene-T4p142	phage	4	late	Wolfram-Schauerte_full_raw_counts_cleaned_TPM.tsv	middle
gene-T4p231	phage	I-TevIII	late	Wolfram-Schauerte_full_raw_counts_cleaned_TPM.tsv	middle
gene-T4p251	phage	36	late	Wolfram-Schauerte_full_raw_counts_cleaned_TPM.tsv	middle
gene-T4p222	phage	cd.5	late	Wolfram-Schauerte_full_raw_counts_cleaned_TPM.tsv	middle
gene-T4p019	phage	srd	middle	Wolfram-Schauerte_full_raw_counts_cleaned_TPM.tsv	middle
gene-T4p020	phage	modA	middle	Wolfram-Schauerte_full_raw_counts_cleaned_TPM.tsv	middle
gene-T4p260	phage	arn.3	middle	Wolfram-Schauerte_full_raw_counts_cleaned_TPM.tsv	middle
gene-T4p166	phage	gene-T4p166_gene_17	late	Wolfram-Schauerte_full_raw_counts_cleaned_TPM.tsv	middle
gene-T4p150	phage	5.4	late	Wolfram-Schauerte_full_raw_counts_cleaned_TPM.tsv	middle
gene-T4p103	phage	rI.-1	late	Wolfram-Schauerte_full_raw_counts_cleaned_TPM.tsv	middle
gene-T4p149	phage	5.3	late	Wolfram-Schauerte_full_raw_counts_cleaned_TPM.tsv	middle
gene-T4p219	phage	cd.2	late	Wolfram-Schauerte_full_raw_counts_cleaned_TPM.tsv	middle
gene-T4p099	phage	mobD.2a	middle	Wolfram-Schauerte_full_raw_counts_cleaned_TPM.tsv	middle
gene-T4p040	phage	40	late	Wolfram-Schauerte_full_raw_counts_cleaned_TPM.tsv	middle
gene-T4p226	phage	pseT.3	late	Wolfram-Schauerte_full_raw_counts_cleaned_TPM.tsv	middle
gene-T4p008	phage	39.2	late	Wolfram-Schauerte_full_raw_counts_cleaned_TPM.tsv	middle
gene-T4p162	phage	16	late	Wolfram-Schauerte_full_raw_counts_cleaned_TPM.tsv	early
gene-T4p246	phage	33	late	Wolfram-Schauerte_full_raw_counts_cleaned_TPM.tsv	middle
gene-T4p190	phage	26'	late	Wolfram-Schauerte_full_raw_counts_cleaned_TPM.tsv	early
gene-T4p273	phage	ndd.4	middle	Wolfram-Schauerte_full_raw_counts_cleaned_TPM.tsv	early
gene-T4p005	phage	gene-T4p005_gene_mobA	late	Wolfram-Schauerte_full_raw_counts_cleaned_TPM.tsv	middle
gene-T4p108	phage	tk.2	late	Wolfram-Schauerte_full_raw_counts_cleaned_TPM.tsv	middle
gene-T4p048	phage	regA	late	Wolfram-Schauerte_full_raw_counts_cleaned_TPM.tsv	middle
gene-T4p112	phage	vs.1	late	Wolfram-Schauerte_full_raw_counts_cleaned_TPM.tsv	middle
gene-T4p097	phage	mobD.1	middle	Wolfram-Schauerte_full_raw_counts_cleaned_TPM.tsv	middle
gene-T4p208	phage	30.5	middle	Wolfram-Schauerte_full_raw_counts_cleaned_TPM.tsv	middle
gene-T4t006	phage	gene-T4t006	late	Wolfram-Schauerte_full_raw_counts_cleaned_TPM.tsv	middle
gene-T4p125	phage	e.2	middle	Wolfram-Schauerte_full_raw_counts_cleaned_TPM.tsv	middle
gene-T4t007	phage	gene-T4t007	late	Wolfram-Schauerte_full_raw_counts_cleaned_TPM.tsv	middle
gene-T4p187	phage	uvsY	late	Wolfram-Schauerte_full_raw_counts_cleaned_TPM.tsv	middle
gene-T4p238	phage	I-TevI	late	Wolfram-Schauerte_full_raw_counts_cleaned_TPM.tsv	middle
gene-T4p053	phage	45.2	late	Wolfram-Schauerte_full_raw_counts_cleaned_TPM.tsv	middle
gene-T4p188	phage	25	late	Wolfram-Schauerte_full_raw_counts_cleaned_TPM.tsv	middle
gene-T4p028	phage	mrh.2	late	Wolfram-Schauerte_full_raw_counts_cleaned_TPM.tsv	middle
gene-T4p196	phage	54	late	Wolfram-Schauerte_full_raw_counts_cleaned_TPM.tsv	early
gene-T4p160	phage	14	late	Wolfram-Schauerte_full_raw_counts_cleaned_TPM.tsv	early
gene-T4p245	phage	59	late	Wolfram-Schauerte_full_raw_counts_cleaned_TPM.tsv	middle
gene-T4p178	phage	gene-T4p178_gene_rnlB	late	Wolfram-Schauerte_full_raw_counts_cleaned_TPM.tsv	middle
gene-T4p232	phage	nrdB.1	late	Wolfram-Schauerte_full_raw_counts_cleaned_TPM.tsv	middle
gene-T4p206	phage	30.3'	late	Wolfram-Schauerte_full_raw_counts_cleaned_TPM.tsv	middle
gene-T4p269	phage	ndd.1	middle	Wolfram-Schauerte_full_raw_counts_cleaned_TPM.tsv	middle
gene-T4p104	phage	rI	late	Wolfram-Schauerte_full_raw_counts_cleaned_TPM.tsv	middle
gene-T4p024	phage	modA.4	late	Wolfram-Schauerte_full_raw_counts_cleaned_TPM.tsv	middle
gene-T4p077	phage	I-TevII	late	Wolfram-Schauerte_full_raw_counts_cleaned_TPM.tsv	middle
gene-T4p145	phage	repEB	late	Wolfram-Schauerte_full_raw_counts_cleaned_TPM.tsv	early
gene-T4p156	phage	11	late	Wolfram-Schauerte_full_raw_counts_cleaned_TPM.tsv	middle
gene-T4p278	phage	rIIB	late	Wolfram-Schauerte_full_raw_counts_cleaned_TPM.tsv	middle
gene-T4p241	phage	frd.2	middle	Wolfram-Schauerte_full_raw_counts_cleaned_TPM.tsv	middle
gene-T4p109	phage	tk.3	late	Wolfram-Schauerte_full_raw_counts_cleaned_TPM.tsv	middle
gene-T4p106	phage	tk	late	Wolfram-Schauerte_full_raw_counts_cleaned_TPM.tsv	middle
gene-T4p128	phage	e.5	middle	Wolfram-Schauerte_full_raw_counts_cleaned_TPM.tsv	middle
gene-T4t001	phage	gene-T4t001	late	Wolfram-Schauerte_full_raw_counts_cleaned_TPM.tsv	middle
gene-T4p073	phage	55.8	late	Wolfram-Schauerte_full_raw_counts_cleaned_TPM.tsv	middle
gene-T4p127	phage	e.4	middle	Wolfram-Schauerte_full_raw_counts_cleaned_TPM.tsv	middle
gene-T4p179	phage	24.2	late	Wolfram-Schauerte_full_raw_counts_cleaned_TPM.tsv	middle
gene-T4p096	phage	mobD	middle	Wolfram-Schauerte_full_raw_counts_cleaned_TPM.tsv	middle
gene-T4p186	phage	uvsY.-1	late	Wolfram-Schauerte_full_raw_counts_cleaned_TPM.tsv	middle
gene-T4p192	phage	27	late	Wolfram-Schauerte_full_raw_counts_cleaned_TPM.tsv	early
gene-T4p014	phage	dexA	late	Wolfram-Schauerte_full_raw_counts_cleaned_TPM.tsv	middle
gene-T4p023	phage	modA.3	late	Wolfram-Schauerte_full_raw_counts_cleaned_TPM.tsv	middle
gene-T4p201	phage	alt.1	late	Wolfram-Schauerte_full_raw_counts_cleaned_TPM.tsv	middle
gene-T4p066	phage	55.1	late	Wolfram-Schauerte_full_raw_counts_cleaned_TPM.tsv	middle
gene-T4p148	phage	segC	late	Wolfram-Schauerte_full_raw_counts_cleaned_TPM.tsv	middle
gene-T4p074	phage	gene-T4p074_gene_nrdG	late	Wolfram-Schauerte_full_raw_counts_cleaned_TPM.tsv	middle
gene-T4p107	phage	tk.1	late	Wolfram-Schauerte_full_raw_counts_cleaned_TPM.tsv	middle
gene-T4p165	phage	gene-T4p165_gene_17	late	Wolfram-Schauerte_full_raw_counts_cleaned_TPM.tsv	middle
gene-T4s002	phage	gene-T4s002	late	Wolfram-Schauerte_full_raw_counts_cleaned_TPM.tsv	middle
gene-T4t002	phage	gene-T4t002	late	Wolfram-Schauerte_full_raw_counts_cleaned_TPM.tsv	middle
gene-T4p235	phage	nrdA.1	late	Wolfram-Schauerte_full_raw_counts_cleaned_TPM.tsv	middle
gene-T4p209	phage	30.6	middle	Wolfram-Schauerte_full_raw_counts_cleaned_TPM.tsv	middle
gene-T4p247	phage	gene-T4p247_gene_dsbA	late	Wolfram-Schauerte_full_raw_counts_cleaned_TPM.tsv	middle
gene-T4p015	phage	dexA.1	late	Wolfram-Schauerte_full_raw_counts_cleaned_TPM.tsv	middle
gene-T4p064	phage	a-gt.5	late	Wolfram-Schauerte_full_raw_counts_cleaned_TPM.tsv	middle
gene-T4p143	phage	53	late	Wolfram-Schauerte_full_raw_counts_cleaned_TPM.tsv	early
gene-T4p123	phage	e	late	Wolfram-Schauerte_full_raw_counts_cleaned_TPM.tsv	middle
gene-T4p086	phage	nrdC.2	late	Wolfram-Schauerte_full_raw_counts_cleaned_TPM.tsv	middle
gene-T4p193	phage	28	late	Wolfram-Schauerte_full_raw_counts_cleaned_TPM.tsv	early
gene-T4t008	phage	gene-T4t008	late	Wolfram-Schauerte_full_raw_counts_cleaned_TPM.tsv	middle
gene-T4p133	phage	trna.2	late	Wolfram-Schauerte_full_raw_counts_cleaned_TPM.tsv	middle
gene-T4p084	phage	nrdC	late	Wolfram-Schauerte_full_raw_counts_cleaned_TPM.tsv	middle
gene-T4p265	phage	52.1	middle	Wolfram-Schauerte_full_raw_counts_cleaned_TPM.tsv	middle
gene-T4p093	phage	nrdC.9	middle	Wolfram-Schauerte_full_raw_counts_cleaned_TPM.tsv	middle
gene-T4p018	phage	dda.1	late	Wolfram-Schauerte_full_raw_counts_cleaned_TPM.tsv	middle
gene-T4p199	phage	alt.-1	late	Wolfram-Schauerte_full_raw_counts_cleaned_TPM.tsv	middle
gene-T4p056	phage	46.2	late	Wolfram-Schauerte_full_raw_counts_cleaned_TPM.tsv	middle
gene-T4p153	phage	8	late	Wolfram-Schauerte_full_raw_counts_cleaned_TPM.tsv	middle
gene-T4p085	phage	nrdC.1	late	Wolfram-Schauerte_full_raw_counts_cleaned_TPM.tsv	middle
gene-T4p161	phage	15	late	Wolfram-Schauerte_full_raw_counts_cleaned_TPM.tsv	early
gene-T4p126	phage	e.3	middle	Wolfram-Schauerte_full_raw_counts_cleaned_TPM.tsv	middle
gene-T4p116	phage	vs.5	late	Wolfram-Schauerte_full_raw_counts_cleaned_TPM.tsv	middle
gene-T4p257	phage	arn	late	Wolfram-Schauerte_full_raw_counts_cleaned_TPM.tsv	middle
gene-T4p261	phage	arn.4	middle	Wolfram-Schauerte_full_raw_counts_cleaned_TPM.tsv	middle
gene-T4p146	phage	repEA	late	Wolfram-Schauerte_full_raw_counts_cleaned_TPM.tsv	middle
gene-T4p052	phage	rpbA	late	Wolfram-Schauerte_full_raw_counts_cleaned_TPM.tsv	middle
gene-T4p078	phage	gene-T4p078_gene_49	late	Wolfram-Schauerte_full_raw_counts_cleaned_TPM.tsv	middle
gene-T4p061	phage	a-gt.2	late	Wolfram-Schauerte_full_raw_counts_cleaned_TPM.tsv	middle
gene-T4p236	phage	nrdA.2	late	Wolfram-Schauerte_full_raw_counts_cleaned_TPM.tsv	middle
gene-T4p012	phage	motB.1	late	Wolfram-Schauerte_full_raw_counts_cleaned_TPM.tsv	middle
gene-T4p259	phage	arn.2	late	Wolfram-Schauerte_full_raw_counts_cleaned_TPM.tsv	middle
gene-T4p154	phage	9	late	Wolfram-Schauerte_full_raw_counts_cleaned_TPM.tsv	early
gene-T4p034	phage	61.1	late	Wolfram-Schauerte_full_raw_counts_cleaned_TPM.tsv	middle
gene-T4p204	phage	30.2	late	Wolfram-Schauerte_full_raw_counts_cleaned_TPM.tsv	middle
gene-T4p185	phage	uvsY.-2	late	Wolfram-Schauerte_full_raw_counts_cleaned_TPM.tsv	middle
gene-T4p065	phage	55	late	Wolfram-Schauerte_full_raw_counts_cleaned_TPM.tsv	middle
gene-T4p180	phage	24.3	late	Wolfram-Schauerte_full_raw_counts_cleaned_TPM.tsv	middle
gene-T4p105	phage	rI.1	late	Wolfram-Schauerte_full_raw_counts_cleaned_TPM.tsv	middle
gene-T4p221	phage	cd.4	late	Wolfram-Schauerte_full_raw_counts_cleaned_TPM.tsv	middle
gene-T4p049	phage	62	late	Wolfram-Schauerte_full_raw_counts_cleaned_TPM.tsv	middle
gene-VPVV882_gp48	phage	gene-VPVV882_gp48	late	Sprenger_VC_delta_tdh_VP882_WT_full_raw_counts_cleaned_TPM.tsv	late
gene-VPVV882_gp56	phage	gene-VPVV882_gp56	late	Sprenger_VC_delta_tdh_VP882_WT_full_raw_counts_cleaned_TPM.tsv	late
gene-VPVV882_gp37	phage	gene-VPVV882_gp37	late	Sprenger_VC_delta_tdh_VP882_WT_full_raw_counts_cleaned_TPM.tsv	late
gene-VPVV882_gp42	phage	gene-VPVV882_gp42	late	Sprenger_VC_delta_tdh_VP882_WT_full_raw_counts_cleaned_TPM.tsv	late
gene-VPVV882_gp27	phage	gene-VPVV882_gp27	late	Sprenger_VC_delta_tdh_VP882_WT_full_raw_counts_cleaned_TPM.tsv	late
gene-VPVV882_gp52	phage	gene-VPVV882_gp52	late	Sprenger_VC_delta_tdh_VP882_WT_full_raw_counts_cleaned_TPM.tsv	late
gene-VPVV882_gp63	phage	gene-VPVV882_gp63	late	Sprenger_VC_delta_tdh_VP882_WT_full_raw_counts_cleaned_TPM.tsv	late
gene-VPVV882_gp55	phage	gene-VPVV882_gp55	late	Sprenger_VC_delta_tdh_VP882_WT_full_raw_counts_cleaned_TPM.tsv	late
gene-VPVV882_gp50	phage	gene-VPVV882_gp50	late	Sprenger_VC_delta_tdh_VP882_WT_full_raw_counts_cleaned_TPM.tsv	late
gene-VPVV882_gp01	phage	gene-VPVV882_gp01	late	Sprenger_VC_delta_tdh_VP882_WT_full_raw_counts_cleaned_TPM.tsv	late
gene-VPVV882_gp58	phage	gene-VPVV882_gp58	late	Sprenger_VC_delta_tdh_VP882_WT_full_raw_counts_cleaned_TPM.tsv	late
gene-VPVV882_gp43	phage	gene-VPVV882_gp43	late	Sprenger_VC_delta_tdh_VP882_WT_full_raw_counts_cleaned_TPM.tsv	late
gene-VPVV882_gp23	phage	gene-VPVV882_gp23	late	Sprenger_VC_delta_tdh_VP882_WT_full_raw_counts_cleaned_TPM.tsv	late
gene-VPVV882_gp15	phage	gene-VPVV882_gp15	late	Sprenger_VC_delta_tdh_VP882_WT_full_raw_counts_cleaned_TPM.tsv	late
gene-VPVV882_gp32	phage	gene-VPVV882_gp32	late	Sprenger_VC_delta_tdh_VP882_WT_full_raw_counts_cleaned_TPM.tsv	late
gene-VPVV882_gp20	phage	gene-VPVV882_gp20	late	Sprenger_VC_delta_tdh_VP882_WT_full_raw_counts_cleaned_TPM.tsv	late
gene-VPVV882_gp61	phage	gene-VPVV882_gp61	late	Sprenger_VC_delta_tdh_VP882_WT_full_raw_counts_cleaned_TPM.tsv	late
gene-VPVV882_gp16	phage	gene-VPVV882_gp16	late	Sprenger_VC_delta_tdh_VP882_WT_full_raw_counts_cleaned_TPM.tsv	late
gene-VPVV882_gp38	phage	gene-VPVV882_gp38	late	Sprenger_VC_delta_tdh_VP882_WT_full_raw_counts_cleaned_TPM.tsv	late
gene-VPVV882_gp68	phage	gene-VPVV882_gp68	late	Sprenger_VC_delta_tdh_VP882_WT_full_raw_counts_cleaned_TPM.tsv	late
gene-VPVV882_gp44	phage	gene-VPVV882_gp44	late	Sprenger_VC_delta_tdh_VP882_WT_full_raw_counts_cleaned_TPM.tsv	late
gene-VPVV882_gp21	phage	gene-VPVV882_gp21	late	Sprenger_VC_delta_tdh_VP882_WT_full_raw_counts_cleaned_TPM.tsv	late
gene-VPVV882_gp41	phage	gene-VPVV882_gp41	late	Sprenger_VC_delta_tdh_VP882_WT_full_raw_counts_cleaned_TPM.tsv	late
gene-VPVV882_gp24	phage	gene-VPVV882_gp24	late	Sprenger_VC_delta_tdh_VP882_WT_full_raw_counts_cleaned_TPM.tsv	late
gene-VPVV882_gp28	phage	FI	late	Sprenger_VC_delta_tdh_VP882_WT_full_raw_counts_cleaned_TPM.tsv	late
gene-VPVV882_gp45	phage	gene-VPVV882_gp45	late	Sprenger_VC_delta_tdh_VP882_WT_full_raw_counts_cleaned_TPM.tsv	late
gene-VPVV882_gp05	phage	gene-VPVV882_gp05	late	Sprenger_VC_delta_tdh_VP882_WT_full_raw_counts_cleaned_TPM.tsv	late
gene-VPVV882_gp66	phage	gene-VPVV882_gp66	late	Sprenger_VC_delta_tdh_VP882_WT_full_raw_counts_cleaned_TPM.tsv	late
gene-VPVV882_gp65	phage	gene-VPVV882_gp65	late	Sprenger_VC_delta_tdh_VP882_WT_full_raw_counts_cleaned_TPM.tsv	late
gene-VPVV882_gp54	phage	gene-VPVV882_gp54	late	Sprenger_VC_delta_tdh_VP882_WT_full_raw_counts_cleaned_TPM.tsv	late
gene-VPVV882_gp53	phage	gene-VPVV882_gp53	late	Sprenger_VC_delta_tdh_VP882_WT_full_raw_counts_cleaned_TPM.tsv	late
gene-VPVV882_gp18	phage	gene-VPVV882_gp18	late	Sprenger_VC_delta_tdh_VP882_WT_full_raw_counts_cleaned_TPM.tsv	late
gene-VPVV882_gp36	phage	gene-VPVV882_gp36	late	Sprenger_VC_delta_tdh_VP882_WT_full_raw_counts_cleaned_TPM.tsv	late
gene-VPVV882_gp40	phage	gene-VPVV882_gp40	late	Sprenger_VC_delta_tdh_VP882_WT_full_raw_counts_cleaned_TPM.tsv	late
gene-VPVV882_gp67	phage	gene-VPVV882_gp67	late	Sprenger_VC_delta_tdh_VP882_WT_full_raw_counts_cleaned_TPM.tsv	late
gene-VPVV882_gp25	phage	gene-VPVV882_gp25	late	Sprenger_VC_delta_tdh_VP882_WT_full_raw_counts_cleaned_TPM.tsv	late
gene-VPVV882_gp09	phage	gene-VPVV882_gp09	late	Sprenger_VC_delta_tdh_VP882_WT_full_raw_counts_cleaned_TPM.tsv	late
gene-VPVV882_gp30	phage	gene-VPVV882_gp30	late	Sprenger_VC_delta_tdh_VP882_WT_full_raw_counts_cleaned_TPM.tsv	late
gene-VPVV882_gp62	phage	gene-VPVV882_gp62	late	Sprenger_VC_delta_tdh_VP882_WT_full_raw_counts_cleaned_TPM.tsv	late
gene-VPVV882_gp03	phage	gene-VPVV882_gp03	late	Sprenger_VC_delta_tdh_VP882_WT_full_raw_counts_cleaned_TPM.tsv	late
gene-VPVV882_gp26	phage	gene-VPVV882_gp26	late	Sprenger_VC_delta_tdh_VP882_WT_full_raw_counts_cleaned_TPM.tsv	late
gene-VPVV882_gp14	phage	gene-VPVV882_gp14	late	Sprenger_VC_delta_tdh_VP882_WT_full_raw_counts_cleaned_TPM.tsv	late
gene-VPVV882_gp39	phage	gene-VPVV882_gp39	late	Sprenger_VC_delta_tdh_VP882_WT_full_raw_counts_cleaned_TPM.tsv	late
gene-VPVV882_gp70	phage	gene-VPVV882_gp70	late	Sprenger_VC_delta_tdh_VP882_WT_full_raw_counts_cleaned_TPM.tsv	late
gene-VPVV882_gp46	phage	gene-VPVV882_gp46	late	Sprenger_VC_delta_tdh_VP882_WT_full_raw_counts_cleaned_TPM.tsv	late
gene-VPVV882_gp47	phage	gene-VPVV882_gp47	late	Sprenger_VC_delta_tdh_VP882_WT_full_raw_counts_cleaned_TPM.tsv	late
gene-VPVV882_gp13	phage	gene-VPVV882_gp13	late	Sprenger_VC_delta_tdh_VP882_WT_full_raw_counts_cleaned_TPM.tsv	late
gene-VPVV882_gp10	phage	gene-VPVV882_gp10	late	Sprenger_VC_delta_tdh_VP882_WT_full_raw_counts_cleaned_TPM.tsv	late
gene-VPVV882_gp34	phage	gene-VPVV882_gp34	late	Sprenger_VC_delta_tdh_VP882_WT_full_raw_counts_cleaned_TPM.tsv	late
gene-VPVV882_gp71	phage	gene-VPVV882_gp71	late	Sprenger_VC_delta_tdh_VP882_WT_full_raw_counts_cleaned_TPM.tsv	late
gene-VPVV882_gp06	phage	gene-VPVV882_gp06	late	Sprenger_VC_delta_tdh_VP882_WT_full_raw_counts_cleaned_TPM.tsv	late
gene-VPVV882_gp22	phage	gene-VPVV882_gp22	late	Sprenger_VC_delta_tdh_VP882_WT_full_raw_counts_cleaned_TPM.tsv	late
gene-VPVV882_gp49	phage	gene-VPVV882_gp49	late	Sprenger_VC_delta_tdh_VP882_WT_full_raw_counts_cleaned_TPM.tsv	late
gene-VPVV882_gp02	phage	gene-VPVV882_gp02	late	Sprenger_VC_delta_tdh_VP882_WT_full_raw_counts_cleaned_TPM.tsv	late
gene-VPVV882_gp12	phage	gene-VPVV882_gp12	late	Sprenger_VC_delta_tdh_VP882_WT_full_raw_counts_cleaned_TPM.tsv	late
gene-VPVV882_gp11	phage	gene-VPVV882_gp11	late	Sprenger_VC_delta_tdh_VP882_WT_full_raw_counts_cleaned_TPM.tsv	late
gene-VPVV882_gp33	phage	gene-VPVV882_gp33	late	Sprenger_VC_delta_tdh_VP882_WT_full_raw_counts_cleaned_TPM.tsv	late
gene-VPVV882_gp51	phage	gene-VPVV882_gp51	late	Sprenger_VC_delta_tdh_VP882_WT_full_raw_counts_cleaned_TPM.tsv	late
gene-VPVV882_gp29	phage	gene-VPVV882_gp29	late	Sprenger_VC_delta_tdh_VP882_WT_full_raw_counts_cleaned_TPM.tsv	late
gene-VPVV882_gp64	phage	gene-VPVV882_gp64	late	Sprenger_VC_delta_tdh_VP882_WT_full_raw_counts_cleaned_TPM.tsv	late
gene-VPVV882_gp17	phage	gene-VPVV882_gp17	late	Sprenger_VC_delta_tdh_VP882_WT_full_raw_counts_cleaned_TPM.tsv	late
gene-VPVV882_gp08	phage	gene-VPVV882_gp08	late	Sprenger_VC_delta_tdh_VP882_WT_full_raw_counts_cleaned_TPM.tsv	late
gene-T7p36	phage	gene-T7p36	late	Guegler_T7_minusToxIN_full_raw_counts_cleaned_TPM.tsv	late
gene-T7p19	phage	gene-T7p19	late	Guegler_T7_minusToxIN_full_raw_counts_cleaned_TPM.tsv	late
gene-T7p56	phage	gene-T7p56	late	Guegler_T7_minusToxIN_full_raw_counts_cleaned_TPM.tsv	late
gene-T7p58	phage	gene-T7p58	late	Guegler_T7_minusToxIN_full_raw_counts_cleaned_TPM.tsv	late
gene-T7p37	phage	gene-T7p37	late	Guegler_T7_minusToxIN_full_raw_counts_cleaned_TPM.tsv	late
gene-T7p25	phage	gene-T7p25	middle	Guegler_T7_minusToxIN_full_raw_counts_cleaned_TPM.tsv	late
gene-T7p13	phage	gene-T7p13	late	Guegler_T7_minusToxIN_full_raw_counts_cleaned_TPM.tsv	late
gene-T7p23	phage	gene-T7p23	middle	Guegler_T7_minusToxIN_full_raw_counts_cleaned_TPM.tsv	late
gene-T7p18	phage	gene-T7p18	late	Guegler_T7_minusToxIN_full_raw_counts_cleaned_TPM.tsv	late
gene-T7p55	phage	gene-T7p55	late	Guegler_T7_minusToxIN_full_raw_counts_cleaned_TPM.tsv	late
gene-T7p28	phage	gene-T7p28	late	Guegler_T7_minusToxIN_full_raw_counts_cleaned_TPM.tsv	late
gene-T7p35	phage	gene-T7p35	late	Guegler_T7_minusToxIN_full_raw_counts_cleaned_TPM.tsv	late
gene-T7p16	phage	gene-T7p16	late	Guegler_T7_minusToxIN_full_raw_counts_cleaned_TPM.tsv	late
gene-T7p48	phage	gene-T7p48	late	Guegler_T7_minusToxIN_full_raw_counts_cleaned_TPM.tsv	late
gene-T7p10	phage	gene-T7p10	late	Guegler_T7_minusToxIN_full_raw_counts_cleaned_TPM.tsv	late
gene-T7p34	phage	gene-T7p34	late	Guegler_T7_minusToxIN_full_raw_counts_cleaned_TPM.tsv	late
gene-T7p40	phage	gene-T7p40	late	Guegler_T7_minusToxIN_full_raw_counts_cleaned_TPM.tsv	late
gene-T7p17	phage	gene-T7p17	late	Guegler_T7_minusToxIN_full_raw_counts_cleaned_TPM.tsv	late
gene-T7p39	phage	gene-T7p39	late	Guegler_T7_minusToxIN_full_raw_counts_cleaned_TPM.tsv	late
gene-T7p09	phage	gene-T7p09	middle	Guegler_T7_minusToxIN_full_raw_counts_cleaned_TPM.tsv	late
gene-T7p32	phage	gene-T7p32	late	Guegler_T7_minusToxIN_full_raw_counts_cleaned_TPM.tsv	late
gene-T7p53	phage	gene-T7p53	late	Guegler_T7_minusToxIN_full_raw_counts_cleaned_TPM.tsv	late
gene-T7p26	phage	gene-T7p26	late	Guegler_T7_minusToxIN_full_raw_counts_cleaned_TPM.tsv	late
gene-T7p59	phage	gene-T7p59	late	Guegler_T7_minusToxIN_full_raw_counts_cleaned_TPM.tsv	late
gene-T7p49	phage	gene-T7p49	late	Guegler_T7_minusToxIN_full_raw_counts_cleaned_TPM.tsv	late
gene-T7p54	phage	gene-T7p54	late	Guegler_T7_minusToxIN_full_raw_counts_cleaned_TPM.tsv	late
gene-T7p27	phage	gene-T7p27	late	Guegler_T7_minusToxIN_full_raw_counts_cleaned_TPM.tsv	late
gene-T7p12	phage	gene-T7p12	late	Guegler_T7_minusToxIN_full_raw_counts_cleaned_TPM.tsv	late
gene-T7p33	phage	gene-T7p33	late	Guegler_T7_minusToxIN_full_raw_counts_cleaned_TPM.tsv	late
gene-T7p20	phage	gene-T7p20	late	Guegler_T7_minusToxIN_full_raw_counts_cleaned_TPM.tsv	late
gene-T7p41	phage	gene-T7p41	late	Guegler_T7_minusToxIN_full_raw_counts_cleaned_TPM.tsv	late
gene-T7p31	phage	gene-T7p31	late	Guegler_T7_minusToxIN_full_raw_counts_cleaned_TPM.tsv	late
gene-T7p38	phage	gene-T7p38	late	Guegler_T7_minusToxIN_full_raw_counts_cleaned_TPM.tsv	late
gene-T7p46	phage	gene-T7p46	late	Guegler_T7_minusToxIN_full_raw_counts_cleaned_TPM.tsv	late
gene-T7p21	phage	gene-T7p21	middle	Guegler_T7_minusToxIN_full_raw_counts_cleaned_TPM.tsv	late
gene-T7p30	phage	gene-T7p30	late	Guegler_T7_minusToxIN_full_raw_counts_cleaned_TPM.tsv	late
gene-T7p08	phage	gene-T7p08	middle	Guegler_T7_minusToxIN_full_raw_counts_cleaned_TPM.tsv	late
gene-g352	phage	g352	middle	Leskinen_full_raw_counts_cleaned_TPM.tsv	middle
gene-g035	phage	g035	late	Leskinen_full_raw_counts_cleaned_TPM.tsv	late
gene-g247	phage	g247	late	Leskinen_full_raw_counts_cleaned_TPM.tsv	late
gene-g091	phage	g091	late	Leskinen_full_raw_counts_cleaned_TPM.tsv	late
gene-g152	phage	g152	late	Leskinen_full_raw_counts_cleaned_TPM.tsv	late
gene-g281	phage	g281	late	Leskinen_full_raw_counts_cleaned_TPM.tsv	late
gene-g270	phage	g270	late	Leskinen_full_raw_counts_cleaned_TPM.tsv	late
gene-g153	phage	g153	late	Leskinen_full_raw_counts_cleaned_TPM.tsv	late
gene-g157	phage	g157	late	Leskinen_full_raw_counts_cleaned_TPM.tsv	late
gene-g033	phage	g033	middle	Leskinen_full_raw_counts_cleaned_TPM.tsv	middle
gene-g007	phage	g007	late	Leskinen_full_raw_counts_cleaned_TPM.tsv	late
gene-g278	phage	g278	late	Leskinen_full_raw_counts_cleaned_TPM.tsv	late
gene-g026	phage	g026	middle	Leskinen_full_raw_counts_cleaned_TPM.tsv	late
gene-g175	phage	g175	late	Leskinen_full_raw_counts_cleaned_TPM.tsv	late
gene-g241	phage	g241	late	Leskinen_full_raw_counts_cleaned_TPM.tsv	late
gene-g098	phage	g098	late	Leskinen_full_raw_counts_cleaned_TPM.tsv	late
gene-g051	phage	g051	late	Leskinen_full_raw_counts_cleaned_TPM.tsv	late
gene-g008	phage	g008	late	Leskinen_full_raw_counts_cleaned_TPM.tsv	late
gene-g357	phage	g357	middle	Leskinen_full_raw_counts_cleaned_TPM.tsv	middle
gene-g364	phage	g364	late	Leskinen_full_raw_counts_cleaned_TPM.tsv	late
gene-g341	phage	g341	middle	Leskinen_full_raw_counts_cleaned_TPM.tsv	middle
gene-g085	phage	g085	late	Leskinen_full_raw_counts_cleaned_TPM.tsv	late
gene-g195	phage	g195	late	Leskinen_full_raw_counts_cleaned_TPM.tsv	late
gene-g194	phage	g194	late	Leskinen_full_raw_counts_cleaned_TPM.tsv	late
gene-g133	phage	g133	late	Leskinen_full_raw_counts_cleaned_TPM.tsv	late
gene-g315	phage	g315	late	Leskinen_full_raw_counts_cleaned_TPM.tsv	late
gene-g117	phage	g117	late	Leskinen_full_raw_counts_cleaned_TPM.tsv	late
gene-g146	phage	g146	late	Leskinen_full_raw_counts_cleaned_TPM.tsv	late
gene-g348	phage	g348	middle	Leskinen_full_raw_counts_cleaned_TPM.tsv	late
gene-g321	phage	g321	middle	Leskinen_full_raw_counts_cleaned_TPM.tsv	late
gene-g216	phage	g216	middle	Leskinen_full_raw_counts_cleaned_TPM.tsv	late
gene-g022	phage	g022	middle	Leskinen_full_raw_counts_cleaned_TPM.tsv	middle
gene-g318	phage	g318	middle	Leskinen_full_raw_counts_cleaned_TPM.tsv	late
gene-tRNA-Leu (UAA)	phage	tRNA-Leu (UAA)	late	Leskinen_full_raw_counts_cleaned_TPM.tsv	late
gene-g073	phage	g073	late	Leskinen_full_raw_counts_cleaned_TPM.tsv	late
gene-g145	phage	g145	late	Leskinen_full_raw_counts_cleaned_TPM.tsv	late
gene-g188	phage	g188	late	Leskinen_full_raw_counts_cleaned_TPM.tsv	late
gene-g199	phage	g199	late	Leskinen_full_raw_counts_cleaned_TPM.tsv	late
gene-g016	phage	g016	late	Leskinen_full_raw_counts_cleaned_TPM.tsv	late
gene-g360	phage	g360	middle	Leskinen_full_raw_counts_cleaned_TPM.tsv	middle
gene-g013	phage	g013	middle	Leskinen_full_raw_counts_cleaned_TPM.tsv	middle
gene-g292	phage	g292	late	Leskinen_full_raw_counts_cleaned_TPM.tsv	late
gene-g223	phage	g223	middle	Leskinen_full_raw_counts_cleaned_TPM.tsv	middle
gene-g003	phage	g003	late	Leskinen_full_raw_counts_cleaned_TPM.tsv	late
gene-g275	phage	g275	late	Leskinen_full_raw_counts_cleaned_TPM.tsv	late
gene-g359	phage	g359	middle	Leskinen_full_raw_counts_cleaned_TPM.tsv	middle
gene-g181	phage	g181	late	Leskinen_full_raw_counts_cleaned_TPM.tsv	late
gene-g212	phage	g212	middle	Leskinen_full_raw_counts_cleaned_TPM.tsv	middle
gene-g204	phage	g204	late	Leskinen_full_raw_counts_cleaned_TPM.tsv	late
gene-g317	phage	g317	middle	Leskinen_full_raw_counts_cleaned_TPM.tsv	late
gene-g017	phage	g017	middle	Leskinen_full_raw_counts_cleaned_TPM.tsv	late
gene-g047	phage	g047	late	Leskinen_full_raw_counts_cleaned_TPM.tsv	late
gene-g147	phage	g147	late	Leskinen_full_raw_counts_cleaned_TPM.tsv	late
gene-g358	phage	g358	middle	Leskinen_full_raw_counts_cleaned_TPM.tsv	middle
gene-g343	phage	g343	middle	Leskinen_full_raw_counts_cleaned_TPM.tsv	middle
gene-g167	phage	g167	late	Leskinen_full_raw_counts_cleaned_TPM.tsv	late
gene-g286	phage	g286	late	Leskinen_full_raw_counts_cleaned_TPM.tsv	late
gene-g024	phage	g024	late	Leskinen_full_raw_counts_cleaned_TPM.tsv	late
gene-tRNA-Met (CAU)	phage	tRNA-Met (CAU)	late	Leskinen_full_raw_counts_cleaned_TPM.tsv	late
gene-g172	phage	g172	late	Leskinen_full_raw_counts_cleaned_TPM.tsv	late
gene-g076	phage	g076	late	Leskinen_full_raw_counts_cleaned_TPM.tsv	late
gene-g136	phage	g136	late	Leskinen_full_raw_counts_cleaned_TPM.tsv	late
gene-g134	phage	g134	late	Leskinen_full_raw_counts_cleaned_TPM.tsv	late
gene-g103	phage	g103	late	Leskinen_full_raw_counts_cleaned_TPM.tsv	late
gene-g048	phage	g048	late	Leskinen_full_raw_counts_cleaned_TPM.tsv	late
gene-g365	phage	g365	late	Leskinen_full_raw_counts_cleaned_TPM.tsv	late
gene-g002	phage	g002	late	Leskinen_full_raw_counts_cleaned_TPM.tsv	late
gene-g269	phage	g269	late	Leskinen_full_raw_counts_cleaned_TPM.tsv	late
gene-g335	phage	g335	late	Leskinen_full_raw_counts_cleaned_TPM.tsv	late
gene-g037	phage	g037	middle	Leskinen_full_raw_counts_cleaned_TPM.tsv	middle
gene-g050	phage	g050	late	Leskinen_full_raw_counts_cleaned_TPM.tsv	late
gene-g340	phage	g340	middle	Leskinen_full_raw_counts_cleaned_TPM.tsv	middle
gene-g244	phage	g244	late	Leskinen_full_raw_counts_cleaned_TPM.tsv	late
gene-g267	phage	g267	late	Leskinen_full_raw_counts_cleaned_TPM.tsv	late
gene-g069	phage	g069	late	Leskinen_full_raw_counts_cleaned_TPM.tsv	late
gene-g012	phage	g012	middle	Leskinen_full_raw_counts_cleaned_TPM.tsv	middle
gene-g227	phage	g227	late	Leskinen_full_raw_counts_cleaned_TPM.tsv	late
gene-g112	phage	g112	late	Leskinen_full_raw_counts_cleaned_TPM.tsv	late
gene-g115	phage	g115	middle	Leskinen_full_raw_counts_cleaned_TPM.tsv	late
gene-g154	phage	g154	late	Leskinen_full_raw_counts_cleaned_TPM.tsv	late
gene-g297	phage	g297	late	Leskinen_full_raw_counts_cleaned_TPM.tsv	late
gene-g230	phage	g230	late	Leskinen_full_raw_counts_cleaned_TPM.tsv	late
gene-g200	phage	g200	late	Leskinen_full_raw_counts_cleaned_TPM.tsv	late
gene-g257	phage	g257	middle	Leskinen_full_raw_counts_cleaned_TPM.tsv	late
gene-g074	phage	g074	late	Leskinen_full_raw_counts_cleaned_TPM.tsv	late
gene-g287	phage	g287	late	Leskinen_full_raw_counts_cleaned_TPM.tsv	late
gene-g203	phage	g203	late	Leskinen_full_raw_counts_cleaned_TPM.tsv	late
gene-g336	phage	g336	late	Leskinen_full_raw_counts_cleaned_TPM.tsv	late
gene-g009	phage	g009	late	Leskinen_full_raw_counts_cleaned_TPM.tsv	late
gene-g277	phage	g277	late	Leskinen_full_raw_counts_cleaned_TPM.tsv	late
gene-g282	phage	g282	late	Leskinen_full_raw_counts_cleaned_TPM.tsv	late
gene-g174	phage	g174	late	Leskinen_full_raw_counts_cleaned_TPM.tsv	late
gene-g142	phage	g142	late	Leskinen_full_raw_counts_cleaned_TPM.tsv	late
gene-g288	phage	g288	late	Leskinen_full_raw_counts_cleaned_TPM.tsv	late
gene-g189	phage	g189	late	Leskinen_full_raw_counts_cleaned_TPM.tsv	late
gene-g289	phage	g289	late	Leskinen_full_raw_counts_cleaned_TPM.tsv	late
gene-g004	phage	g004	late	Leskinen_full_raw_counts_cleaned_TPM.tsv	late
gene-g184	phage	g184	late	Leskinen_full_raw_counts_cleaned_TPM.tsv	late
gene-g309	phage	g309	late	Leskinen_full_raw_counts_cleaned_TPM.tsv	late
gene-g082	phage	g082	late	Leskinen_full_raw_counts_cleaned_TPM.tsv	late
gene-g316	phage	g316	late	Leskinen_full_raw_counts_cleaned_TPM.tsv	late
gene-g302	phage	g302	late	Leskinen_full_raw_counts_cleaned_TPM.tsv	late
gene-g367	phage	g367	late	Leskinen_full_raw_counts_cleaned_TPM.tsv	late
gene-g243	phage	g243	late	Leskinen_full_raw_counts_cleaned_TPM.tsv	late
gene-g020	phage	g020	middle	Leskinen_full_raw_counts_cleaned_TPM.tsv	middle
gene-g021	phage	g021	middle	Leskinen_full_raw_counts_cleaned_TPM.tsv	middle
gene-g350	phage	g350	middle	Leskinen_full_raw_counts_cleaned_TPM.tsv	late
gene-g355	phage	g355	late	Leskinen_full_raw_counts_cleaned_TPM.tsv	late
gene-g018	phage	g018	late	Leskinen_full_raw_counts_cleaned_TPM.tsv	late
gene-g030	phage	g030	middle	Leskinen_full_raw_counts_cleaned_TPM.tsv	middle
gene-g214	phage	g214	late	Leskinen_full_raw_counts_cleaned_TPM.tsv	late
gene-g087	phage	g087	late	Leskinen_full_raw_counts_cleaned_TPM.tsv	late
gene-g306	phage	g306	late	Leskinen_full_raw_counts_cleaned_TPM.tsv	late
gene-g193	phage	g193	late	Leskinen_full_raw_counts_cleaned_TPM.tsv	late
gene-g342	phage	g342	middle	Leskinen_full_raw_counts_cleaned_TPM.tsv	middle
gene-g279	phage	g279	late	Leskinen_full_raw_counts_cleaned_TPM.tsv	late
gene-g179	phage	g179	late	Leskinen_full_raw_counts_cleaned_TPM.tsv	late
gene-g366	phage	g366	late	Leskinen_full_raw_counts_cleaned_TPM.tsv	late
gene-g141	phage	g141	late	Leskinen_full_raw_counts_cleaned_TPM.tsv	late
gene-g312	phage	g312	late	Leskinen_full_raw_counts_cleaned_TPM.tsv	late
gene-g127	phage	g127	late	Leskinen_full_raw_counts_cleaned_TPM.tsv	late
gene-g178	phage	g178	late	Leskinen_full_raw_counts_cleaned_TPM.tsv	late
gene-g168	phage	g168	late	Leskinen_full_raw_counts_cleaned_TPM.tsv	late
gene-g353	phage	g353	middle	Leskinen_full_raw_counts_cleaned_TPM.tsv	middle
gene-g307	phage	g307	late	Leskinen_full_raw_counts_cleaned_TPM.tsv	late
gene-g242	phage	g242	late	Leskinen_full_raw_counts_cleaned_TPM.tsv	late
gene-g238	phage	g238	late	Leskinen_full_raw_counts_cleaned_TPM.tsv	late
gene-g163	phage	g163	late	Leskinen_full_raw_counts_cleaned_TPM.tsv	late
gene-g053	phage	g053	late	Leskinen_full_raw_counts_cleaned_TPM.tsv	late
gene-g285	phage	g285	late	Leskinen_full_raw_counts_cleaned_TPM.tsv	late
gene-g293	phage	g293	late	Leskinen_full_raw_counts_cleaned_TPM.tsv	late
gene-g346	phage	g346	late	Leskinen_full_raw_counts_cleaned_TPM.tsv	late
gene-g131	phage	g131	late	Leskinen_full_raw_counts_cleaned_TPM.tsv	late
gene-g065	phage	g065	late	Leskinen_full_raw_counts_cleaned_TPM.tsv	late
gene-g052	phage	g052	late	Leskinen_full_raw_counts_cleaned_TPM.tsv	late
gene-g300	phage	g300	late	Leskinen_full_raw_counts_cleaned_TPM.tsv	late
gene-g324	phage	g324	late	Leskinen_full_raw_counts_cleaned_TPM.tsv	late
gene-g043	phage	g043	late	Leskinen_full_raw_counts_cleaned_TPM.tsv	late
gene-g001	phage	g001	late	Leskinen_full_raw_counts_cleaned_TPM.tsv	late
gene-g345	phage	g345	middle	Leskinen_full_raw_counts_cleaned_TPM.tsv	late
gene-g029	phage	g029	middle	Leskinen_full_raw_counts_cleaned_TPM.tsv	middle
gene-g092	phage	g092	late	Leskinen_full_raw_counts_cleaned_TPM.tsv	late
gene-g159	phage	g159	late	Leskinen_full_raw_counts_cleaned_TPM.tsv	late
gene-g220	phage	g220	middle	Leskinen_full_raw_counts_cleaned_TPM.tsv	middle
gene-g268	phage	g268	late	Leskinen_full_raw_counts_cleaned_TPM.tsv	late
gene-g062	phage	g062	late	Leskinen_full_raw_counts_cleaned_TPM.tsv	late
gene-g185	phage	g185	late	Leskinen_full_raw_counts_cleaned_TPM.tsv	late
gene-g296	phage	g296	late	Leskinen_full_raw_counts_cleaned_TPM.tsv	late
gene-g351	phage	g351	late	Leskinen_full_raw_counts_cleaned_TPM.tsv	late
gene-g151	phage	g151	late	Leskinen_full_raw_counts_cleaned_TPM.tsv	late
gene-g344	phage	g344	middle	Leskinen_full_raw_counts_cleaned_TPM.tsv	middle
gene-g042	phage	g042	middle	Leskinen_full_raw_counts_cleaned_TPM.tsv	late
gene-g107	phage	g107	late	Leskinen_full_raw_counts_cleaned_TPM.tsv	late
gene-g322	phage	g322	middle	Leskinen_full_raw_counts_cleaned_TPM.tsv	middle
gene-g235	phage	g235	late	Leskinen_full_raw_counts_cleaned_TPM.tsv	late
gene-g156	phage	g156	late	Leskinen_full_raw_counts_cleaned_TPM.tsv	late
gene-g226	phage	g226	late	Leskinen_full_raw_counts_cleaned_TPM.tsv	late
gene-g180	phage	g180	late	Leskinen_full_raw_counts_cleaned_TPM.tsv	late
gene-g140	phage	g140	middle	Leskinen_full_raw_counts_cleaned_TPM.tsv	middle
gene-g093	phage	g093	late	Leskinen_full_raw_counts_cleaned_TPM.tsv	late
gene-g239	phage	g239	late	Leskinen_full_raw_counts_cleaned_TPM.tsv	late
gene-g308	phage	g308	late	Leskinen_full_raw_counts_cleaned_TPM.tsv	late
gene-g266	phage	g266	late	Leskinen_full_raw_counts_cleaned_TPM.tsv	late
gene-g031	phage	g031	middle	Leskinen_full_raw_counts_cleaned_TPM.tsv	middle
gene-g135	phage	g135	late	Leskinen_full_raw_counts_cleaned_TPM.tsv	late
gene-g363	phage	g363	middle	Leskinen_full_raw_counts_cleaned_TPM.tsv	middle
gene-g006	phage	g006	late	Leskinen_full_raw_counts_cleaned_TPM.tsv	late
gene-g010	phage	g010	late	Leskinen_full_raw_counts_cleaned_TPM.tsv	late
gene-g095	phage	g095	late	Leskinen_full_raw_counts_cleaned_TPM.tsv	middle
gene-g137	phage	g137	late	Leskinen_full_raw_counts_cleaned_TPM.tsv	late
gene-tRNA-Arg (UCU)	phage	tRNA-Arg (UCU)	late	Leskinen_full_raw_counts_cleaned_TPM.tsv	late
gene-g149	phage	g149	late	Leskinen_full_raw_counts_cleaned_TPM.tsv	late
gene-g245	phage	g245	late	Leskinen_full_raw_counts_cleaned_TPM.tsv	late
gene-g108	phage	g108	late	Leskinen_full_raw_counts_cleaned_TPM.tsv	late
gene-g237	phage	g237	late	Leskinen_full_raw_counts_cleaned_TPM.tsv	late
gene-g094	phage	g094	late	Leskinen_full_raw_counts_cleaned_TPM.tsv	late
gene-g327	phage	g327	late	Leskinen_full_raw_counts_cleaned_TPM.tsv	late
gene-g077	phage	g077	late	Leskinen_full_raw_counts_cleaned_TPM.tsv	late
gene-g339	phage	g339	late	Leskinen_full_raw_counts_cleaned_TPM.tsv	late
gene-g206	phage	g206	late	Leskinen_full_raw_counts_cleaned_TPM.tsv	late
gene-g260	phage	g260	middle	Leskinen_full_raw_counts_cleaned_TPM.tsv	late
gene-g232	phage	g232	late	Leskinen_full_raw_counts_cleaned_TPM.tsv	late
gene-g313	phage	g313	late	Leskinen_full_raw_counts_cleaned_TPM.tsv	late
gene-g160	phage	g160	late	Leskinen_full_raw_counts_cleaned_TPM.tsv	late
gene-g354	phage	g354	middle	Leskinen_full_raw_counts_cleaned_TPM.tsv	late
gene-g186	phage	g186	late	Leskinen_full_raw_counts_cleaned_TPM.tsv	late
gene-g236	phage	g236	late	Leskinen_full_raw_counts_cleaned_TPM.tsv	late
gene-g228	phage	g228	late	Leskinen_full_raw_counts_cleaned_TPM.tsv	late
gene-g075	phage	g075	late	Leskinen_full_raw_counts_cleaned_TPM.tsv	late
gene-g040	phage	g040	middle	Leskinen_full_raw_counts_cleaned_TPM.tsv	middle
gene-g272	phage	g272	late	Leskinen_full_raw_counts_cleaned_TPM.tsv	late
gene-g182	phage	g182	late	Leskinen_full_raw_counts_cleaned_TPM.tsv	late
gene-g221	phage	g221	middle	Leskinen_full_raw_counts_cleaned_TPM.tsv	middle
gene-g143	phage	g143	late	Leskinen_full_raw_counts_cleaned_TPM.tsv	late
gene-g086	phage	g086	late	Leskinen_full_raw_counts_cleaned_TPM.tsv	late
gene-g161	phage	g161	late	Leskinen_full_raw_counts_cleaned_TPM.tsv	late
gene-g263	phage	g263	late	Leskinen_full_raw_counts_cleaned_TPM.tsv	late
gene-g291	phage	g291	late	Leskinen_full_raw_counts_cleaned_TPM.tsv	late
gene-g114	phage	g114	late	Leskinen_full_raw_counts_cleaned_TPM.tsv	late
gene-g039	phage	g039	middle	Leskinen_full_raw_counts_cleaned_TPM.tsv	late
gene-g164	phage	g164	late	Leskinen_full_raw_counts_cleaned_TPM.tsv	late
gene-g148	phage	g148	late	Leskinen_full_raw_counts_cleaned_TPM.tsv	late
gene-g067	phage	g067	late	Leskinen_full_raw_counts_cleaned_TPM.tsv	late
gene-g090	phage	g090	late	Leskinen_full_raw_counts_cleaned_TPM.tsv	late
gene-g255	phage	g255	middle	Leskinen_full_raw_counts_cleaned_TPM.tsv	middle
gene-g276	phage	g276	late	Leskinen_full_raw_counts_cleaned_TPM.tsv	late
gene-g080	phage	g080	late	Leskinen_full_raw_counts_cleaned_TPM.tsv	late
gene-g264	phage	g264	late	Leskinen_full_raw_counts_cleaned_TPM.tsv	late
gene-g233	phage	g233	late	Leskinen_full_raw_counts_cleaned_TPM.tsv	late
gene-g280	phage	g280	late	Leskinen_full_raw_counts_cleaned_TPM.tsv	late
gene-g126	phage	g126	late	Leskinen_full_raw_counts_cleaned_TPM.tsv	late
gene-g298	phage	g298	late	Leskinen_full_raw_counts_cleaned_TPM.tsv	late
gene-g089	phage	g089	late	Leskinen_full_raw_counts_cleaned_TPM.tsv	late
gene-g027	phage	g027	middle	Leskinen_full_raw_counts_cleaned_TPM.tsv	middle
gene-g072	phage	g072	late	Leskinen_full_raw_counts_cleaned_TPM.tsv	late
gene-g036	phage	g036	middle	Leskinen_full_raw_counts_cleaned_TPM.tsv	middle
gene-g054	phage	g054	late	Leskinen_full_raw_counts_cleaned_TPM.tsv	late
gene-g290	phage	g290	late	Leskinen_full_raw_counts_cleaned_TPM.tsv	late
gene-g196	phage	g196	late	Leskinen_full_raw_counts_cleaned_TPM.tsv	late
gene-g028	phage	g028	middle	Leskinen_full_raw_counts_cleaned_TPM.tsv	late
gene-g060	phage	g060	late	Leskinen_full_raw_counts_cleaned_TPM.tsv	late
gene-g034	phage	g034	late	Leskinen_full_raw_counts_cleaned_TPM.tsv	late
gene-g338	phage	g338	late	Leskinen_full_raw_counts_cleaned_TPM.tsv	late
gene-g209	phage	g209	late	Leskinen_full_raw_counts_cleaned_TPM.tsv	late
gene-g046	phage	g046	late	Leskinen_full_raw_counts_cleaned_TPM.tsv	late
gene-g320	phage	g320	middle	Leskinen_full_raw_counts_cleaned_TPM.tsv	middle
gene-g265	phage	g265	late	Leskinen_full_raw_counts_cleaned_TPM.tsv	late
gene-g256	phage	g256	middle	Leskinen_full_raw_counts_cleaned_TPM.tsv	middle
gene-g138	phage	g138	middle	Leskinen_full_raw_counts_cleaned_TPM.tsv	middle
gene-g019	phage	g019	middle	Leskinen_full_raw_counts_cleaned_TPM.tsv	middle
gene-g166	phage	g166	late	Leskinen_full_raw_counts_cleaned_TPM.tsv	late
gene-g071	phage	g071	late	Leskinen_full_raw_counts_cleaned_TPM.tsv	late
gene-g328	phage	g328	late	Leskinen_full_raw_counts_cleaned_TPM.tsv	late
gene-g171	phage	g171	late	Leskinen_full_raw_counts_cleaned_TPM.tsv	late
gene-g105	phage	g105	late	Leskinen_full_raw_counts_cleaned_TPM.tsv	late
gene-g110	phage	g110	late	Leskinen_full_raw_counts_cleaned_TPM.tsv	late
gene-tRNA-Asn (GUU)	phage	tRNA-Asn (GUU)	late	Leskinen_full_raw_counts_cleaned_TPM.tsv	late
gene-g150	phage	g150	late	Leskinen_full_raw_counts_cleaned_TPM.tsv	late
gene-g162	phage	g162	late	Leskinen_full_raw_counts_cleaned_TPM.tsv	late
gene-g084	phage	g084	late	Leskinen_full_raw_counts_cleaned_TPM.tsv	late
gene-g210	phage	g210	late	Leskinen_full_raw_counts_cleaned_TPM.tsv	late
gene-g011	phage	g011	late	Leskinen_full_raw_counts_cleaned_TPM.tsv	late
gene-g319	phage	g319	middle	Leskinen_full_raw_counts_cleaned_TPM.tsv	late
gene-g229	phage	g229	late	Leskinen_full_raw_counts_cleaned_TPM.tsv	late
gene-g356	phage	g356	middle	Leskinen_full_raw_counts_cleaned_TPM.tsv	late
gene-g015	phage	g015	middle	Leskinen_full_raw_counts_cleaned_TPM.tsv	middle
gene-g205	phage	g205	late	Leskinen_full_raw_counts_cleaned_TPM.tsv	late
gene-g041	phage	g041	late	Leskinen_full_raw_counts_cleaned_TPM.tsv	late
gene-g202	phage	g202	late	Leskinen_full_raw_counts_cleaned_TPM.tsv	late
gene-g197	phage	g197	late	Leskinen_full_raw_counts_cleaned_TPM.tsv	late
gene-g023	phage	g023	late	Leskinen_full_raw_counts_cleaned_TPM.tsv	late
gene-g208	phage	g208	late	Leskinen_full_raw_counts_cleaned_TPM.tsv	late
gene-g104	phage	g104	late	Leskinen_full_raw_counts_cleaned_TPM.tsv	late
gene-g349	phage	g349	middle	Leskinen_full_raw_counts_cleaned_TPM.tsv	middle
gene-g044	phage	g044	middle	Leskinen_full_raw_counts_cleaned_TPM.tsv	late
gene-g109	phage	g109	late	Leskinen_full_raw_counts_cleaned_TPM.tsv	late
gene-g246	phage	g246	late	Leskinen_full_raw_counts_cleaned_TPM.tsv	late
gene-g273	phage	g273	late	Leskinen_full_raw_counts_cleaned_TPM.tsv	late
gene-g005	phage	g005	late	Leskinen_full_raw_counts_cleaned_TPM.tsv	late
gene-g106	phage	g106	late	Leskinen_full_raw_counts_cleaned_TPM.tsv	late
gene-g025	phage	g025	middle	Leskinen_full_raw_counts_cleaned_TPM.tsv	late
gene-g064	phage	g064	late	Leskinen_full_raw_counts_cleaned_TPM.tsv	late
gene-g240	phage	g240	late	Leskinen_full_raw_counts_cleaned_TPM.tsv	late
gene-g079	phage	g079	late	Leskinen_full_raw_counts_cleaned_TPM.tsv	late
gene-g130	phage	g130	late	Leskinen_full_raw_counts_cleaned_TPM.tsv	late
gene-g129	phage	g129	late	Leskinen_full_raw_counts_cleaned_TPM.tsv	late
gene-g271	phage	g271	late	Leskinen_full_raw_counts_cleaned_TPM.tsv	late
gene-g155	phage	g155	late	Leskinen_full_raw_counts_cleaned_TPM.tsv	late
gene-g301	phage	g301	late	Leskinen_full_raw_counts_cleaned_TPM.tsv	late
gene-g310	phage	g310	late	Leskinen_full_raw_counts_cleaned_TPM.tsv	late
gene-g207	phage	g207	late	Leskinen_full_raw_counts_cleaned_TPM.tsv	late
gene-g262	phage	g262	middle	Leskinen_full_raw_counts_cleaned_TPM.tsv	middle
gene-g066	phage	g066	late	Leskinen_full_raw_counts_cleaned_TPM.tsv	late
gene-g187	phage	g187	late	Leskinen_full_raw_counts_cleaned_TPM.tsv	late
gene-tRNA-Leu (UAG)	phage	tRNA-Leu (UAG)	late	Leskinen_full_raw_counts_cleaned_TPM.tsv	late
gene-g045	phage	g045	late	Leskinen_full_raw_counts_cleaned_TPM.tsv	late
gene-g049	phage	g049	late	Leskinen_full_raw_counts_cleaned_TPM.tsv	late
gene-g038	phage	g038	middle	Leskinen_full_raw_counts_cleaned_TPM.tsv	middle
gene-g158	phage	g158	late	Leskinen_full_raw_counts_cleaned_TPM.tsv	late
gene-g311	phage	g311	late	Leskinen_full_raw_counts_cleaned_TPM.tsv	late
gene-g303	phage	g303	middle	Leskinen_full_raw_counts_cleaned_TPM.tsv	middle
gene-g215	phage	g215	middle	Leskinen_full_raw_counts_cleaned_TPM.tsv	late
gene-g198	phage	g198	late	Leskinen_full_raw_counts_cleaned_TPM.tsv	late
gene-g088	phage	g088	late	Leskinen_full_raw_counts_cleaned_TPM.tsv	late
gene-g183	phage	g183	late	Leskinen_full_raw_counts_cleaned_TPM.tsv	late
gene-g234	phage	g234	late	Leskinen_full_raw_counts_cleaned_TPM.tsv	late
gene-g113	phage	g113	late	Leskinen_full_raw_counts_cleaned_TPM.tsv	late
gene-g169	phage	g169	late	Leskinen_full_raw_counts_cleaned_TPM.tsv	late
gene-g132	phage	g132	late	Leskinen_full_raw_counts_cleaned_TPM.tsv	middle
gene-g165	phage	g165	late	Leskinen_full_raw_counts_cleaned_TPM.tsv	late
gene-g231	phage	g231	late	Leskinen_full_raw_counts_cleaned_TPM.tsv	late
gene-g014	phage	g014	middle	Leskinen_full_raw_counts_cleaned_TPM.tsv	middle
gene-g248	phage	g248	late	Leskinen_full_raw_counts_cleaned_TPM.tsv	late
gene-g201	phage	g201	late	Leskinen_full_raw_counts_cleaned_TPM.tsv	late
gene-g222	phage	g222	middle	Leskinen_full_raw_counts_cleaned_TPM.tsv	middle
gene-g116	phage	g116	late	Leskinen_full_raw_counts_cleaned_TPM.tsv	late
gene-g111	phage	g111	late	Leskinen_full_raw_counts_cleaned_TPM.tsv	late
gene-g032	phage	g032	middle	Leskinen_full_raw_counts_cleaned_TPM.tsv	middle
gene-g097	phage	g097	late	Leskinen_full_raw_counts_cleaned_TPM.tsv	late
gene-g170	phage	g170	late	Leskinen_full_raw_counts_cleaned_TPM.tsv	late
gene-g347	phage	g347	middle	Leskinen_full_raw_counts_cleaned_TPM.tsv	late
gene-g337	phage	g337	late	Leskinen_full_raw_counts_cleaned_TPM.tsv	late
gene-g177	phage	g177	late	Leskinen_full_raw_counts_cleaned_TPM.tsv	late
gene-g334	phage	g334	late	Leskinen_full_raw_counts_cleaned_TPM.tsv	late
gene-g361	phage	g361	middle	Leskinen_full_raw_counts_cleaned_TPM.tsv	middle
gene-g249	phage	g249	late	Leskinen_full_raw_counts_cleaned_TPM.tsv	late
gene-g362	phage	g362	middle	Leskinen_full_raw_counts_cleaned_TPM.tsv	middle
gene-g323	phage	g323	late	Leskinen_full_raw_counts_cleaned_TPM.tsv	late
gene-g217	phage	g217	middle	Leskinen_full_raw_counts_cleaned_TPM.tsv	middle
gene-g299	phage	g299	late	Leskinen_full_raw_counts_cleaned_TPM.tsv	late
gene-JD032_54	phage	gene-JD032_54	late	Li_full_raw_counts_cleaned_TPM.tsv	late
gene-JD032_25	phage	gene-JD032_25	late	Li_full_raw_counts_cleaned_TPM.tsv	late
gene-JD032_29	phage	gene-JD032_29	late	Li_full_raw_counts_cleaned_TPM.tsv	late
gene-JD032_24	phage	gene-JD032_24	late	Li_full_raw_counts_cleaned_TPM.tsv	late
gene-JD032_36	phage	gene-JD032_36	late	Li_full_raw_counts_cleaned_TPM.tsv	late
gene-JD032_1	phage	gene-JD032_1	late	Li_full_raw_counts_cleaned_TPM.tsv	late
gene-JD032_30	phage	gene-JD032_30	late	Li_full_raw_counts_cleaned_TPM.tsv	late
gene-JD032_26	phage	gene-JD032_26	late	Li_full_raw_counts_cleaned_TPM.tsv	late
gene-JD032_17	phage	gene-JD032_17	late	Li_full_raw_counts_cleaned_TPM.tsv	late
gene-JD032_2	phage	gene-JD032_2	late	Li_full_raw_counts_cleaned_TPM.tsv	late
gene-JD032_51	phage	gene-JD032_51	late	Li_full_raw_counts_cleaned_TPM.tsv	late
gene-JD032_5	phage	gene-JD032_5	middle	Li_full_raw_counts_cleaned_TPM.tsv	middle
gene-JD032_19	phage	gene-JD032_19	late	Li_full_raw_counts_cleaned_TPM.tsv	late
gene-JD032_31	phage	gene-JD032_31	late	Li_full_raw_counts_cleaned_TPM.tsv	late
gene-JD032_37	phage	gene-JD032_37	late	Li_full_raw_counts_cleaned_TPM.tsv	late
gene-JD032_22	phage	gene-JD032_22	late	Li_full_raw_counts_cleaned_TPM.tsv	late
gene-JD032_33	phage	gene-JD032_33	late	Li_full_raw_counts_cleaned_TPM.tsv	late
gene-JD032_49	phage	gene-JD032_49	late	Li_full_raw_counts_cleaned_TPM.tsv	late
gene-JD032_44	phage	gene-JD032_44	late	Li_full_raw_counts_cleaned_TPM.tsv	late
gene-JD032_20	phage	gene-JD032_20	late	Li_full_raw_counts_cleaned_TPM.tsv	middle
gene-JD032_40	phage	gene-JD032_40	late	Li_full_raw_counts_cleaned_TPM.tsv	late
gene-JD032_42	phage	gene-JD032_42	late	Li_full_raw_counts_cleaned_TPM.tsv	late
gene-JD032_18	phage	gene-JD032_18	late	Li_full_raw_counts_cleaned_TPM.tsv	middle
gene-JD032_43	phage	gene-JD032_43	late	Li_full_raw_counts_cleaned_TPM.tsv	late
gene-JD032_34	phage	gene-JD032_34	late	Li_full_raw_counts_cleaned_TPM.tsv	late
gene-JD032_48	phage	gene-JD032_48	late	Li_full_raw_counts_cleaned_TPM.tsv	late
gene-JD032_35	phage	gene-JD032_35	late	Li_full_raw_counts_cleaned_TPM.tsv	late
gene-JD032_4	phage	gene-JD032_4	middle	Li_full_raw_counts_cleaned_TPM.tsv	middle
gene-JD032_21	phage	gene-JD032_21	late	Li_full_raw_counts_cleaned_TPM.tsv	late
gene-JD032_38	phage	gene-JD032_38	late	Li_full_raw_counts_cleaned_TPM.tsv	late
gene-JD032_23	phage	gene-JD032_23	late	Li_full_raw_counts_cleaned_TPM.tsv	late
gene-JD032_28	phage	gene-JD032_28	late	Li_full_raw_counts_cleaned_TPM.tsv	late
gene-JD032_46	phage	gene-JD032_46	late	Li_full_raw_counts_cleaned_TPM.tsv	late
gene-JD032_39	phage	gene-JD032_39	late	Li_full_raw_counts_cleaned_TPM.tsv	late
gene-JD032_47	phage	gene-JD032_47	late	Li_full_raw_counts_cleaned_TPM.tsv	late
gene-JD032_27	phage	gene-JD032_27	late	Li_full_raw_counts_cleaned_TPM.tsv	late
gene-JD032_32	phage	gene-JD032_32	late	Li_full_raw_counts_cleaned_TPM.tsv	late
gene-PPLUZ19_gp40	phage	gp40	late	Brandao_LB_full_raw_counts_cleaned_TPM.tsv	middle
gene-PPLUZ19_gp44	phage	gp44	middle	Brandao_LB_full_raw_counts_cleaned_TPM.tsv	middle
gene-PPLUZ19_gp48	phage	gp48	middle	Brandao_LB_full_raw_counts_cleaned_TPM.tsv	middle
gene-PPLUZ19_gp46	phage	gp46	middle	Brandao_LB_full_raw_counts_cleaned_TPM.tsv	middle
gene-PPLUZ19_gp46.1	phage	gp46.1	middle	Brandao_LB_full_raw_counts_cleaned_TPM.tsv	middle
gene-PPLUZ19_gp31	phage	gp31	late	Brandao_LB_full_raw_counts_cleaned_TPM.tsv	late
gene-PPLUZ19_gp11	phage	gp11	late	Brandao_LB_full_raw_counts_cleaned_TPM.tsv	late
gene-PPLUZ19_gp27	phage	gp27	late	Brandao_LB_full_raw_counts_cleaned_TPM.tsv	late
gene-PPLUZ19_gp42	phage	gp42	late	Brandao_LB_full_raw_counts_cleaned_TPM.tsv	middle
gene-PPLUZ19_gp8	phage	gp8	middle	Brandao_LB_full_raw_counts_cleaned_TPM.tsv	late
gene-PPLUZ19_gp28	phage	gp28	late	Brandao_LB_full_raw_counts_cleaned_TPM.tsv	late
gene-PPLUZ19_gp35	phage	gp35	late	Brandao_LB_full_raw_counts_cleaned_TPM.tsv	late
gene-PPLUZ19_gp41	phage	gp41	late	Brandao_LB_full_raw_counts_cleaned_TPM.tsv	middle
gene-PPLUZ19_gp45	phage	gp45	late	Brandao_LB_full_raw_counts_cleaned_TPM.tsv	middle
gene-PPLUZ19_gp13	phage	gp13	late	Brandao_LB_full_raw_counts_cleaned_TPM.tsv	late
gene-PPLUZ19_gp49	phage	gp49	middle	Brandao_LB_full_raw_counts_cleaned_TPM.tsv	middle
gene-PPLUZ19_gp21	phage	gp21	late	Brandao_LB_full_raw_counts_cleaned_TPM.tsv	late
gene-PPLUZ19_gp12.1	phage	gp12.1	late	Brandao_LB_full_raw_counts_cleaned_TPM.tsv	late
gene-PPLUZ19_gp43	phage	gp43	late	Brandao_LB_full_raw_counts_cleaned_TPM.tsv	middle
gene-PPLUZ19_gp47	phage	gp47	middle	Brandao_LB_full_raw_counts_cleaned_TPM.tsv	middle
gene-PPLUZ19_gp33	phage	gp33	late	Brandao_LB_full_raw_counts_cleaned_TPM.tsv	late
gene-PPLUZ19_gp13.1	phage	gp13.1	late	Brandao_LB_full_raw_counts_cleaned_TPM.tsv	late
gene-PPLUZ19_gp39	phage	gp39	late	Brandao_LB_full_raw_counts_cleaned_TPM.tsv	middle
gene-PPLUZ19_gp18	phage	gp18	late	Brandao_LB_full_raw_counts_cleaned_TPM.tsv	late
gene-PPLUZ19_gp38	phage	gp38	late	Brandao_LB_full_raw_counts_cleaned_TPM.tsv	middle
gene-PPLUZ19_gp29	phage	gp29	late	Brandao_LB_full_raw_counts_cleaned_TPM.tsv	late
gene-PHIKZ060	phage	gene-PHIKZ060	middle	Ceyssens_non-directional_full_raw_counts_cleaned_TPM.tsv	middle
gene-PHIKZ241	phage	gene-PHIKZ241	middle	Ceyssens_non-directional_full_raw_counts_cleaned_TPM.tsv	middle
gene-PHIKZ219	phage	gene-PHIKZ219	middle	Ceyssens_non-directional_full_raw_counts_cleaned_TPM.tsv	middle
gene-PHIKZ_p25	phage	gene-PHIKZ_p25	middle	Ceyssens_non-directional_full_raw_counts_cleaned_TPM.tsv	middle
gene-PHIKZ_p52	phage	gene-PHIKZ_p52	late	Ceyssens_non-directional_full_raw_counts_cleaned_TPM.tsv	middle
gene-PHIKZ001	phage	gene-PHIKZ001	late	Ceyssens_non-directional_full_raw_counts_cleaned_TPM.tsv	middle
gene-PHIKZ010	phage	gene-PHIKZ010	middle	Ceyssens_non-directional_full_raw_counts_cleaned_TPM.tsv	middle
gene-PHIKZ_p40	phage	gene-PHIKZ_p40	middle	Ceyssens_non-directional_full_raw_counts_cleaned_TPM.tsv	middle
gene-PHIKZ257	phage	gene-PHIKZ257	middle	Ceyssens_non-directional_full_raw_counts_cleaned_TPM.tsv	middle
gene-PHIKZ_p23	phage	gene-PHIKZ_p23	middle	Ceyssens_non-directional_full_raw_counts_cleaned_TPM.tsv	middle
gene-PHIKZ250	phage	gene-PHIKZ250	middle	Ceyssens_non-directional_full_raw_counts_cleaned_TPM.tsv	middle
gene-PHIKZ_p05	phage	gene-PHIKZ_p05	late	Ceyssens_non-directional_full_raw_counts_cleaned_TPM.tsv	middle
gene-PHIKZ288	phage	gene-PHIKZ288	middle	Ceyssens_non-directional_full_raw_counts_cleaned_TPM.tsv	middle
gene-PHIKZ195	phage	gene-PHIKZ195	middle	Ceyssens_non-directional_full_raw_counts_cleaned_TPM.tsv	middle
gene-PHIKZ_p02	phage	gene-PHIKZ_p02	middle	Ceyssens_non-directional_full_raw_counts_cleaned_TPM.tsv	middle
gene-PHIKZ_p77	phage	gene-PHIKZ_p77	middle	Ceyssens_non-directional_full_raw_counts_cleaned_TPM.tsv	middle
gene-PHIKZ286	phage	gene-PHIKZ286	middle	Ceyssens_non-directional_full_raw_counts_cleaned_TPM.tsv	middle
gene-PHIKZ058	phage	gene-PHIKZ058	middle	Ceyssens_non-directional_full_raw_counts_cleaned_TPM.tsv	middle
gene-PHIKZ287	phage	gene-PHIKZ287	middle	Ceyssens_non-directional_full_raw_counts_cleaned_TPM.tsv	middle
gene-PHIKZ112	phage	gene-PHIKZ112	middle	Ceyssens_non-directional_full_raw_counts_cleaned_TPM.tsv	middle
gene-PHIKZ011	phage	gene-PHIKZ011	middle	Ceyssens_non-directional_full_raw_counts_cleaned_TPM.tsv	middle
gene-PHIKZ215	phage	gene-PHIKZ215	middle	Ceyssens_non-directional_full_raw_counts_cleaned_TPM.tsv	middle
gene-PHIKZ190	phage	gene-PHIKZ190	late	Ceyssens_non-directional_full_raw_counts_cleaned_TPM.tsv	middle
gene-PHIKZ040	phage	gene-PHIKZ040	middle	Ceyssens_non-directional_full_raw_counts_cleaned_TPM.tsv	middle
gene-PHIKZ084	phage	gene-PHIKZ084	late	Ceyssens_non-directional_full_raw_counts_cleaned_TPM.tsv	middle
gene-PHIKZ142	phage	gene-PHIKZ142	late	Ceyssens_non-directional_full_raw_counts_cleaned_TPM.tsv	middle
gene-PHIKZ290	phage	gene-PHIKZ290	middle	Ceyssens_non-directional_full_raw_counts_cleaned_TPM.tsv	middle
gene-PHIKZ_p65	phage	gene-PHIKZ_p65	middle	Ceyssens_non-directional_full_raw_counts_cleaned_TPM.tsv	middle
gene-PHIKZ_p84	phage	gene-PHIKZ_p84	late	Ceyssens_non-directional_full_raw_counts_cleaned_TPM.tsv	middle
gene-PHIKZ031	phage	gene-PHIKZ031	middle	Ceyssens_non-directional_full_raw_counts_cleaned_TPM.tsv	middle
gene-PHIKZ175	phage	gene-PHIKZ175	late	Ceyssens_non-directional_full_raw_counts_cleaned_TPM.tsv	middle
gene-PHIKZ053	phage	gene-PHIKZ053	middle	Ceyssens_non-directional_full_raw_counts_cleaned_TPM.tsv	middle
gene-PHIKZ234	phage	gene-PHIKZ234	middle	Ceyssens_non-directional_full_raw_counts_cleaned_TPM.tsv	middle
gene-PHIKZ271	phage	gene-PHIKZ271	middle	Ceyssens_non-directional_full_raw_counts_cleaned_TPM.tsv	middle
gene-PHIKZ167	phage	gene-PHIKZ167	middle	Ceyssens_non-directional_full_raw_counts_cleaned_TPM.tsv	middle
gene-PHIKZ_p57	phage	gene-PHIKZ_p57	middle	Ceyssens_non-directional_full_raw_counts_cleaned_TPM.tsv	middle
gene-PHIKZ_t05	phage	gene-PHIKZ_t05	late	Ceyssens_non-directional_full_raw_counts_cleaned_TPM.tsv	middle
gene-PHIKZ267	phage	gene-PHIKZ267	middle	Ceyssens_non-directional_full_raw_counts_cleaned_TPM.tsv	middle
gene-PHIKZ210	phage	gene-PHIKZ210	middle	Ceyssens_non-directional_full_raw_counts_cleaned_TPM.tsv	middle
gene-PHIKZ_p08	phage	gene-PHIKZ_p08	late	Ceyssens_non-directional_full_raw_counts_cleaned_TPM.tsv	middle
gene-PHIKZ_p09	phage	gene-PHIKZ_p09	late	Ceyssens_non-directional_full_raw_counts_cleaned_TPM.tsv	middle
gene-PHIKZ_p69	phage	gene-PHIKZ_p69	middle	Ceyssens_non-directional_full_raw_counts_cleaned_TPM.tsv	middle
gene-PHIKZ_p38	phage	gene-PHIKZ_p38	middle	Ceyssens_non-directional_full_raw_counts_cleaned_TPM.tsv	middle
gene-PHIKZ_p78	phage	gene-PHIKZ_p78	middle	Ceyssens_non-directional_full_raw_counts_cleaned_TPM.tsv	middle
gene-PHIKZ137	phage	gene-PHIKZ137	late	Ceyssens_non-directional_full_raw_counts_cleaned_TPM.tsv	middle
gene-PHIKZ_p86	phage	gene-PHIKZ_p86	late	Ceyssens_non-directional_full_raw_counts_cleaned_TPM.tsv	middle
gene-PHIKZ_t04	phage	gene-PHIKZ_t04	late	Ceyssens_non-directional_full_raw_counts_cleaned_TPM.tsv	middle
gene-PHIKZ262	phage	gene-PHIKZ262	middle	Ceyssens_non-directional_full_raw_counts_cleaned_TPM.tsv	middle
gene-PHIKZ_t02	phage	gene-PHIKZ_t02	late	Ceyssens_non-directional_full_raw_counts_cleaned_TPM.tsv	middle
gene-PHIKZ_p24	phage	gene-PHIKZ_p24	middle	Ceyssens_non-directional_full_raw_counts_cleaned_TPM.tsv	middle
gene-PHIKZ254	phage	gene-PHIKZ254	middle	Ceyssens_non-directional_full_raw_counts_cleaned_TPM.tsv	middle
gene-PHIKZ108	phage	gene-PHIKZ108	late	Ceyssens_non-directional_full_raw_counts_cleaned_TPM.tsv	middle
gene-PHIKZ_p11	phage	gene-PHIKZ_p11	middle	Ceyssens_non-directional_full_raw_counts_cleaned_TPM.tsv	middle
gene-PHIKZ278	phage	gene-PHIKZ278	middle	Ceyssens_non-directional_full_raw_counts_cleaned_TPM.tsv	middle
gene-PHIKZ082	phage	gene-PHIKZ082	late	Ceyssens_non-directional_full_raw_counts_cleaned_TPM.tsv	middle
gene-PHIKZ258	phage	gene-PHIKZ258	middle	Ceyssens_non-directional_full_raw_counts_cleaned_TPM.tsv	middle
gene-PHIKZ245	phage	gene-PHIKZ245	middle	Ceyssens_non-directional_full_raw_counts_cleaned_TPM.tsv	middle
gene-PHIKZ_p60	phage	gene-PHIKZ_p60	middle	Ceyssens_non-directional_full_raw_counts_cleaned_TPM.tsv	middle
gene-PHIKZ211	phage	gene-PHIKZ211	middle	Ceyssens_non-directional_full_raw_counts_cleaned_TPM.tsv	middle
gene-PHIKZ_p46	phage	gene-PHIKZ_p46	late	Ceyssens_non-directional_full_raw_counts_cleaned_TPM.tsv	middle
gene-PHIKZ223	phage	gene-PHIKZ223	late	Ceyssens_non-directional_full_raw_counts_cleaned_TPM.tsv	middle
gene-PHIKZ_p45	phage	gene-PHIKZ_p45	late	Ceyssens_non-directional_full_raw_counts_cleaned_TPM.tsv	middle
gene-PHIKZ061	phage	gene-PHIKZ061	middle	Ceyssens_non-directional_full_raw_counts_cleaned_TPM.tsv	middle
gene-PHIKZ_p12	phage	gene-PHIKZ_p12	middle	Ceyssens_non-directional_full_raw_counts_cleaned_TPM.tsv	middle
gene-PHIKZ_p72	phage	gene-PHIKZ_p72	middle	Ceyssens_non-directional_full_raw_counts_cleaned_TPM.tsv	middle
gene-PHIKZ239	phage	gene-PHIKZ239	middle	Ceyssens_non-directional_full_raw_counts_cleaned_TPM.tsv	middle
gene-PHIKZ191	phage	gene-PHIKZ191	late	Ceyssens_non-directional_full_raw_counts_cleaned_TPM.tsv	middle
gene-PHIKZ017	phage	gene-PHIKZ017	middle	Ceyssens_non-directional_full_raw_counts_cleaned_TPM.tsv	middle
gene-PHIKZ_p07	phage	gene-PHIKZ_p07	middle	Ceyssens_non-directional_full_raw_counts_cleaned_TPM.tsv	middle
gene-PHIKZ114	phage	gene-PHIKZ114	middle	Ceyssens_non-directional_full_raw_counts_cleaned_TPM.tsv	middle
gene-PHIKZ244	phage	gene-PHIKZ244	late	Ceyssens_non-directional_full_raw_counts_cleaned_TPM.tsv	middle
gene-PHIKZ067	phage	gene-PHIKZ067	late	Ceyssens_non-directional_full_raw_counts_cleaned_TPM.tsv	middle
gene-PHIKZ_p28	phage	gene-PHIKZ_p28	late	Ceyssens_non-directional_full_raw_counts_cleaned_TPM.tsv	middle
gene-PHIKZ_t03	phage	gene-PHIKZ_t03	late	Ceyssens_non-directional_full_raw_counts_cleaned_TPM.tsv	middle
gene-PHIKZ246	phage	gene-PHIKZ246	middle	Ceyssens_non-directional_full_raw_counts_cleaned_TPM.tsv	middle
gene-PHIKZ_p80	phage	gene-PHIKZ_p80	middle	Ceyssens_non-directional_full_raw_counts_cleaned_TPM.tsv	middle
gene-PHIKZ229	phage	gene-PHIKZ229	late	Ceyssens_non-directional_full_raw_counts_cleaned_TPM.tsv	middle
gene-PHIKZ020	phage	gene-PHIKZ020	middle	Ceyssens_non-directional_full_raw_counts_cleaned_TPM.tsv	middle
gene-PHIKZ204	phage	gene-PHIKZ204	middle	Ceyssens_non-directional_full_raw_counts_cleaned_TPM.tsv	middle
gene-PHIKZ078	phage	gene-PHIKZ078	late	Ceyssens_non-directional_full_raw_counts_cleaned_TPM.tsv	middle
gene-PHIKZ264	phage	gene-PHIKZ264	middle	Ceyssens_non-directional_full_raw_counts_cleaned_TPM.tsv	middle
gene-PHIKZ_p04	phage	gene-PHIKZ_p04	late	Ceyssens_non-directional_full_raw_counts_cleaned_TPM.tsv	early
gene-PHIKZ002	phage	gene-PHIKZ002	late	Ceyssens_non-directional_full_raw_counts_cleaned_TPM.tsv	middle
gene-PHIKZ_p83	phage	gene-PHIKZ_p83	late	Ceyssens_non-directional_full_raw_counts_cleaned_TPM.tsv	middle
gene-PHIKZ_p32	phage	gene-PHIKZ_p32	late	Ceyssens_non-directional_full_raw_counts_cleaned_TPM.tsv	middle
gene-PHIKZ110	phage	gene-PHIKZ110	middle	Ceyssens_non-directional_full_raw_counts_cleaned_TPM.tsv	middle
gene-PHIKZ018	phage	gene-PHIKZ018	middle	Ceyssens_non-directional_full_raw_counts_cleaned_TPM.tsv	middle
gene-PHIKZ193	phage	gene-PHIKZ193	middle	Ceyssens_non-directional_full_raw_counts_cleaned_TPM.tsv	middle
gene-PHIKZ226	phage	gene-PHIKZ226	middle	Ceyssens_non-directional_full_raw_counts_cleaned_TPM.tsv	middle
gene-PHIKZ_t06	phage	gene-PHIKZ_t06	late	Ceyssens_non-directional_full_raw_counts_cleaned_TPM.tsv	middle
gene-PHIKZ057	phage	gene-PHIKZ057	middle	Ceyssens_non-directional_full_raw_counts_cleaned_TPM.tsv	middle
gene-PHIKZ115	phage	gene-PHIKZ115	middle	Ceyssens_non-directional_full_raw_counts_cleaned_TPM.tsv	middle
gene-PHIKZ238	phage	gene-PHIKZ238	middle	Ceyssens_non-directional_full_raw_counts_cleaned_TPM.tsv	middle
gene-PHIKZ302	phage	gene-PHIKZ302	late	Ceyssens_non-directional_full_raw_counts_cleaned_TPM.tsv	middle
gene-PHIKZ227	phage	gene-PHIKZ227	middle	Ceyssens_non-directional_full_raw_counts_cleaned_TPM.tsv	middle
gene-PHIKZ_p91	phage	gene-PHIKZ_p91	early	Ceyssens_non-directional_full_raw_counts_cleaned_TPM.tsv	early
gene-PHIKZ251	phage	gene-PHIKZ251	middle	Ceyssens_non-directional_full_raw_counts_cleaned_TPM.tsv	middle
gene-PHIKZ_p36	phage	gene-PHIKZ_p36	middle	Ceyssens_non-directional_full_raw_counts_cleaned_TPM.tsv	middle
gene-PHIKZ_p42	phage	gene-PHIKZ_p42	late	Ceyssens_non-directional_full_raw_counts_cleaned_TPM.tsv	middle
gene-PHIKZ266	phage	gene-PHIKZ266	middle	Ceyssens_non-directional_full_raw_counts_cleaned_TPM.tsv	middle
gene-PHIKZ248	phage	gene-PHIKZ248	middle	Ceyssens_non-directional_full_raw_counts_cleaned_TPM.tsv	middle
gene-PHIKZ265	phage	gene-PHIKZ265	middle	Ceyssens_non-directional_full_raw_counts_cleaned_TPM.tsv	middle
gene-PHIKZ008	phage	gene-PHIKZ008	middle	Ceyssens_non-directional_full_raw_counts_cleaned_TPM.tsv	middle
gene-PHIKZ214	phage	gene-PHIKZ214	middle	Ceyssens_non-directional_full_raw_counts_cleaned_TPM.tsv	middle
gene-PHIKZ007	phage	gene-PHIKZ007	middle	Ceyssens_non-directional_full_raw_counts_cleaned_TPM.tsv	middle
gene-PHIKZ085	phage	gene-PHIKZ085	late	Ceyssens_non-directional_full_raw_counts_cleaned_TPM.tsv	middle
gene-PHIKZ270	phage	gene-PHIKZ270	middle	Ceyssens_non-directional_full_raw_counts_cleaned_TPM.tsv	middle
gene-PHIKZ_p35	phage	gene-PHIKZ_p35	middle	Ceyssens_non-directional_full_raw_counts_cleaned_TPM.tsv	middle
gene-PHIKZ109	phage	gene-PHIKZ109	middle	Ceyssens_non-directional_full_raw_counts_cleaned_TPM.tsv	middle
gene-PHIKZ_p90	phage	gene-PHIKZ_p90	late	Ceyssens_non-directional_full_raw_counts_cleaned_TPM.tsv	middle
gene-PHIKZ169	phage	gene-PHIKZ169	late	Ceyssens_non-directional_full_raw_counts_cleaned_TPM.tsv	middle
gene-PHIKZ_p17	phage	gene-PHIKZ_p17	middle	Ceyssens_non-directional_full_raw_counts_cleaned_TPM.tsv	middle
gene-PHIKZ202	phage	gene-PHIKZ202	late	Ceyssens_non-directional_full_raw_counts_cleaned_TPM.tsv	middle
gene-PHIKZ305	phage	gene-PHIKZ305	late	Ceyssens_non-directional_full_raw_counts_cleaned_TPM.tsv	middle
gene-PHIKZ_p48	phage	gene-PHIKZ_p48	late	Ceyssens_non-directional_full_raw_counts_cleaned_TPM.tsv	middle
gene-PHIKZ141	phage	gene-PHIKZ141	late	Ceyssens_non-directional_full_raw_counts_cleaned_TPM.tsv	middle
gene-PHIKZ121	phage	gene-PHIKZ121	middle	Ceyssens_non-directional_full_raw_counts_cleaned_TPM.tsv	middle
gene-PHIKZ196	phage	gene-PHIKZ196	middle	Ceyssens_non-directional_full_raw_counts_cleaned_TPM.tsv	middle
gene-PHIKZ224	phage	gene-PHIKZ224	late	Ceyssens_non-directional_full_raw_counts_cleaned_TPM.tsv	middle
gene-PHIKZ049	phage	gene-PHIKZ049	late	Ceyssens_non-directional_full_raw_counts_cleaned_TPM.tsv	middle
gene-PHIKZ_p21	phage	gene-PHIKZ_p21	late	Ceyssens_non-directional_full_raw_counts_cleaned_TPM.tsv	middle
gene-PHIKZ273	phage	gene-PHIKZ273	middle	Ceyssens_non-directional_full_raw_counts_cleaned_TPM.tsv	middle
gene-PHIKZ144	phage	gene-PHIKZ144	late	Ceyssens_non-directional_full_raw_counts_cleaned_TPM.tsv	middle
gene-PHIKZ103	phage	gene-PHIKZ103	late	Ceyssens_non-directional_full_raw_counts_cleaned_TPM.tsv	middle
gene-PHIKZ_p51	phage	gene-PHIKZ_p51	late	Ceyssens_non-directional_full_raw_counts_cleaned_TPM.tsv	middle
gene-PHIKZ_p75	phage	gene-PHIKZ_p75	middle	Ceyssens_non-directional_full_raw_counts_cleaned_TPM.tsv	middle
gene-PHIKZ168	phage	gene-PHIKZ168	middle	Ceyssens_non-directional_full_raw_counts_cleaned_TPM.tsv	middle
gene-PHIKZ_p27	phage	gene-PHIKZ_p27	late	Ceyssens_non-directional_full_raw_counts_cleaned_TPM.tsv	middle
gene-PHIKZ260	phage	gene-PHIKZ260	middle	Ceyssens_non-directional_full_raw_counts_cleaned_TPM.tsv	middle
gene-PHIKZ_p06	phage	gene-PHIKZ_p06	late	Ceyssens_non-directional_full_raw_counts_cleaned_TPM.tsv	middle
gene-PHIKZ_p10	phage	gene-PHIKZ_p10	middle	Ceyssens_non-directional_full_raw_counts_cleaned_TPM.tsv	middle
gene-PHIKZ_p58	phage	gene-PHIKZ_p58	middle	Ceyssens_non-directional_full_raw_counts_cleaned_TPM.tsv	middle
gene-PHIKZ_p63	phage	gene-PHIKZ_p63	middle	Ceyssens_non-directional_full_raw_counts_cleaned_TPM.tsv	middle
gene-PHIKZ_p29	phage	gene-PHIKZ_p29	late	Ceyssens_non-directional_full_raw_counts_cleaned_TPM.tsv	middle
gene-PHIKZ_t01	phage	gene-PHIKZ_t01	middle	Ceyssens_non-directional_full_raw_counts_cleaned_TPM.tsv	middle
gene-PHIKZ111	phage	gene-PHIKZ111	middle	Ceyssens_non-directional_full_raw_counts_cleaned_TPM.tsv	middle
gene-PHIKZ301	phage	gene-PHIKZ301	late	Ceyssens_non-directional_full_raw_counts_cleaned_TPM.tsv	middle
gene-PHIKZ122	phage	gene-PHIKZ122	middle	Ceyssens_non-directional_full_raw_counts_cleaned_TPM.tsv	middle
gene-PHIKZ_p67	phage	gene-PHIKZ_p67	middle	Ceyssens_non-directional_full_raw_counts_cleaned_TPM.tsv	middle
gene-PHIKZ256	phage	gene-PHIKZ256	middle	Ceyssens_non-directional_full_raw_counts_cleaned_TPM.tsv	middle
gene-PHIKZ003	phage	gene-PHIKZ003	late	Ceyssens_non-directional_full_raw_counts_cleaned_TPM.tsv	middle
gene-PHIKZ004	phage	gene-PHIKZ004	late	Ceyssens_non-directional_full_raw_counts_cleaned_TPM.tsv	middle
gene-PHIKZ_p01	phage	gene-PHIKZ_p01	middle	Ceyssens_non-directional_full_raw_counts_cleaned_TPM.tsv	middle
gene-PHIKZ012	phage	gene-PHIKZ012	middle	Ceyssens_non-directional_full_raw_counts_cleaned_TPM.tsv	middle
gene-PHIKZ274	phage	gene-PHIKZ274	middle	Ceyssens_non-directional_full_raw_counts_cleaned_TPM.tsv	middle
gene-PHIKZ_p88	phage	gene-PHIKZ_p88	late	Ceyssens_non-directional_full_raw_counts_cleaned_TPM.tsv	middle
gene-PHIKZ099	phage	gene-PHIKZ099	late	Ceyssens_non-directional_full_raw_counts_cleaned_TPM.tsv	middle
gene-PHIKZ275	phage	gene-PHIKZ275	middle	Ceyssens_non-directional_full_raw_counts_cleaned_TPM.tsv	middle
gene-PHIKZ200	phage	gene-PHIKZ200	late	Ceyssens_non-directional_full_raw_counts_cleaned_TPM.tsv	middle
gene-PHIKZ_p20	phage	gene-PHIKZ_p20	middle	Ceyssens_non-directional_full_raw_counts_cleaned_TPM.tsv	middle
gene-PHIKZ019	phage	gene-PHIKZ019	middle	Ceyssens_non-directional_full_raw_counts_cleaned_TPM.tsv	middle
gene-PHIKZ149	phage	gene-PHIKZ149	late	Ceyssens_non-directional_full_raw_counts_cleaned_TPM.tsv	middle
gene-PHIKZ042	phage	gene-PHIKZ042	late	Ceyssens_non-directional_full_raw_counts_cleaned_TPM.tsv	middle
gene-PHIKZ100	phage	gene-PHIKZ100	late	Ceyssens_non-directional_full_raw_counts_cleaned_TPM.tsv	middle
gene-PHIKZ048	phage	gene-PHIKZ048	middle	Ceyssens_non-directional_full_raw_counts_cleaned_TPM.tsv	middle
gene-PHIKZ_p44	phage	gene-PHIKZ_p44	late	Ceyssens_non-directional_full_raw_counts_cleaned_TPM.tsv	middle
gene-PHIKZ127	phage	gene-PHIKZ127	late	Ceyssens_non-directional_full_raw_counts_cleaned_TPM.tsv	middle
gene-PHIKZ033	phage	gene-PHIKZ033	late	Ceyssens_non-directional_full_raw_counts_cleaned_TPM.tsv	middle
gene-PHIKZ_p74	phage	gene-PHIKZ_p74	middle	Ceyssens_non-directional_full_raw_counts_cleaned_TPM.tsv	middle
gene-PHIKZ106	phage	gene-PHIKZ106	middle	Ceyssens_non-directional_full_raw_counts_cleaned_TPM.tsv	middle
gene-PHIKZ252	phage	gene-PHIKZ252	middle	Ceyssens_non-directional_full_raw_counts_cleaned_TPM.tsv	middle
gene-PHIKZ140	phage	gene-PHIKZ140	late	Ceyssens_non-directional_full_raw_counts_cleaned_TPM.tsv	middle
gene-PHIKZ_p64	phage	gene-PHIKZ_p64	middle	Ceyssens_non-directional_full_raw_counts_cleaned_TPM.tsv	middle
gene-PHIKZ163	phage	gene-PHIKZ163	late	Ceyssens_non-directional_full_raw_counts_cleaned_TPM.tsv	middle
gene-PHIKZ209	phage	gene-PHIKZ209	middle	Ceyssens_non-directional_full_raw_counts_cleaned_TPM.tsv	middle
gene-PHIKZ263	phage	gene-PHIKZ263	middle	Ceyssens_non-directional_full_raw_counts_cleaned_TPM.tsv	middle
gene-PHIKZ022	phage	gene-PHIKZ022	middle	Ceyssens_non-directional_full_raw_counts_cleaned_TPM.tsv	middle
gene-PHIKZ035	phage	gene-PHIKZ035	late	Ceyssens_non-directional_full_raw_counts_cleaned_TPM.tsv	middle
gene-PHIKZ126	phage	gene-PHIKZ126	late	Ceyssens_non-directional_full_raw_counts_cleaned_TPM.tsv	middle
gene-PHIKZ025	phage	gene-PHIKZ025	late	Ceyssens_non-directional_full_raw_counts_cleaned_TPM.tsv	middle
gene-PHIKZ253	phage	gene-PHIKZ253	middle	Ceyssens_non-directional_full_raw_counts_cleaned_TPM.tsv	middle
gene-PHIKZ296	phage	gene-PHIKZ296	late	Ceyssens_non-directional_full_raw_counts_cleaned_TPM.tsv	middle
gene-PHIKZ136	phage	gene-PHIKZ136	late	Ceyssens_non-directional_full_raw_counts_cleaned_TPM.tsv	middle
gene-PHIKZ043	phage	gene-PHIKZ043	middle	Ceyssens_non-directional_full_raw_counts_cleaned_TPM.tsv	middle
gene-PHIKZ233	phage	gene-PHIKZ233	middle	Ceyssens_non-directional_full_raw_counts_cleaned_TPM.tsv	middle
gene-PHIKZ021	phage	gene-PHIKZ021	middle	Ceyssens_non-directional_full_raw_counts_cleaned_TPM.tsv	middle
gene-PHIKZ076	phage	gene-PHIKZ076	middle	Ceyssens_non-directional_full_raw_counts_cleaned_TPM.tsv	middle
gene-PHIKZ_p26	phage	gene-PHIKZ_p26	late	Ceyssens_non-directional_full_raw_counts_cleaned_TPM.tsv	middle
gene-PHIKZ_p87	phage	gene-PHIKZ_p87	late	Ceyssens_non-directional_full_raw_counts_cleaned_TPM.tsv	middle
gene-PHIKZ113	phage	gene-PHIKZ113	middle	Ceyssens_non-directional_full_raw_counts_cleaned_TPM.tsv	middle
gene-PHIKZ138	phage	gene-PHIKZ138	late	Ceyssens_non-directional_full_raw_counts_cleaned_TPM.tsv	middle
gene-PHIKZ_p55	phage	gene-PHIKZ_p55	late	Ceyssens_non-directional_full_raw_counts_cleaned_TPM.tsv	middle
gene-PHIKZ_p41	phage	gene-PHIKZ_p41	late	Ceyssens_non-directional_full_raw_counts_cleaned_TPM.tsv	middle
gene-PHIKZ291	phage	gene-PHIKZ291	middle	Ceyssens_non-directional_full_raw_counts_cleaned_TPM.tsv	middle
gene-PHIKZ259	phage	gene-PHIKZ259	middle	Ceyssens_non-directional_full_raw_counts_cleaned_TPM.tsv	middle
gene-PHIKZ_p37	phage	gene-PHIKZ_p37	middle	Ceyssens_non-directional_full_raw_counts_cleaned_TPM.tsv	middle
gene-PHIKZ047	phage	gene-PHIKZ047	middle	Ceyssens_non-directional_full_raw_counts_cleaned_TPM.tsv	middle
gene-PHIKZ152	phage	gene-PHIKZ152	late	Ceyssens_non-directional_full_raw_counts_cleaned_TPM.tsv	middle
gene-PHIKZ_p50	phage	gene-PHIKZ_p50	late	Ceyssens_non-directional_full_raw_counts_cleaned_TPM.tsv	middle
gene-PHIKZ_p62	phage	gene-PHIKZ_p62	late	Ceyssens_non-directional_full_raw_counts_cleaned_TPM.tsv	middle
gene-PHIKZ247	phage	gene-PHIKZ247	middle	Ceyssens_non-directional_full_raw_counts_cleaned_TPM.tsv	middle
gene-PHIKZ242	phage	gene-PHIKZ242	middle	Ceyssens_non-directional_full_raw_counts_cleaned_TPM.tsv	middle
gene-PHIKZ050	phage	gene-PHIKZ050	late	Ceyssens_non-directional_full_raw_counts_cleaned_TPM.tsv	middle
gene-PHIKZ231	phage	gene-PHIKZ231	middle	Ceyssens_non-directional_full_raw_counts_cleaned_TPM.tsv	middle
gene-PHIKZ107	phage	gene-PHIKZ107	middle	Ceyssens_non-directional_full_raw_counts_cleaned_TPM.tsv	middle
gene-PHIKZ104	phage	gene-PHIKZ104	late	Ceyssens_non-directional_full_raw_counts_cleaned_TPM.tsv	middle
gene-PHIKZ268	phage	gene-PHIKZ268	middle	Ceyssens_non-directional_full_raw_counts_cleaned_TPM.tsv	middle
gene-PHIKZ158	phage	gene-PHIKZ158	late	Ceyssens_non-directional_full_raw_counts_cleaned_TPM.tsv	middle
gene-PHIKZ_p16	phage	gene-PHIKZ_p16	late	Ceyssens_non-directional_full_raw_counts_cleaned_TPM.tsv	middle
gene-PHIKZ083	phage	gene-PHIKZ083	late	Ceyssens_non-directional_full_raw_counts_cleaned_TPM.tsv	middle
gene-PHIKZ285	phage	gene-PHIKZ285	middle	Ceyssens_non-directional_full_raw_counts_cleaned_TPM.tsv	middle
gene-PHIKZ293	phage	gene-PHIKZ293	late	Ceyssens_non-directional_full_raw_counts_cleaned_TPM.tsv	middle
gene-PHIKZ005	phage	gene-PHIKZ005	middle	Ceyssens_non-directional_full_raw_counts_cleaned_TPM.tsv	middle
gene-PHIKZ051	phage	gene-PHIKZ051	middle	Ceyssens_non-directional_full_raw_counts_cleaned_TPM.tsv	middle
gene-PHIKZ_p14	phage	gene-PHIKZ_p14	middle	Ceyssens_non-directional_full_raw_counts_cleaned_TPM.tsv	middle
gene-PHIKZ205	phage	gene-PHIKZ205	middle	Ceyssens_non-directional_full_raw_counts_cleaned_TPM.tsv	middle
gene-PHIKZ199	phage	gene-PHIKZ199	late	Ceyssens_non-directional_full_raw_counts_cleaned_TPM.tsv	middle
gene-PHIKZ289	phage	gene-PHIKZ289	middle	Ceyssens_non-directional_full_raw_counts_cleaned_TPM.tsv	middle
gene-PHIKZ072	phage	gene-PHIKZ072	late	Ceyssens_non-directional_full_raw_counts_cleaned_TPM.tsv	middle
gene-PHIKZ006	phage	gene-PHIKZ006	middle	Ceyssens_non-directional_full_raw_counts_cleaned_TPM.tsv	middle
gene-PHIKZ_p39	phage	gene-PHIKZ_p39	middle	Ceyssens_non-directional_full_raw_counts_cleaned_TPM.tsv	middle
gene-PHIKZ_t07	phage	gene-PHIKZ_t07	late	Ceyssens_non-directional_full_raw_counts_cleaned_TPM.tsv	middle
gene-PHIKZ221	phage	gene-PHIKZ221	middle	Ceyssens_non-directional_full_raw_counts_cleaned_TPM.tsv	middle
gene-PHIKZ295	phage	gene-PHIKZ295	late	Ceyssens_non-directional_full_raw_counts_cleaned_TPM.tsv	middle
gene-PHIKZ062	phage	gene-PHIKZ062	late	Ceyssens_non-directional_full_raw_counts_cleaned_TPM.tsv	middle
gene-PHIKZ_p31	phage	gene-PHIKZ_p31	late	Ceyssens_non-directional_full_raw_counts_cleaned_TPM.tsv	middle
gene-PHIKZ151	phage	gene-PHIKZ151	late	Ceyssens_non-directional_full_raw_counts_cleaned_TPM.tsv	middle
gene-PHIKZ183	phage	gene-PHIKZ183	late	Ceyssens_non-directional_full_raw_counts_cleaned_TPM.tsv	middle
gene-PHIKZ297	phage	gene-PHIKZ297	late	Ceyssens_non-directional_full_raw_counts_cleaned_TPM.tsv	middle
gene-PHIKZ218	phage	gene-PHIKZ218	late	Ceyssens_non-directional_full_raw_counts_cleaned_TPM.tsv	middle
gene-PHIKZ_p47	phage	gene-PHIKZ_p47	late	Ceyssens_non-directional_full_raw_counts_cleaned_TPM.tsv	middle
gene-PHIKZ_p73	phage	gene-PHIKZ_p73	middle	Ceyssens_non-directional_full_raw_counts_cleaned_TPM.tsv	middle
gene-PHIKZ147	phage	gene-PHIKZ147	late	Ceyssens_non-directional_full_raw_counts_cleaned_TPM.tsv	middle
gene-PHIKZ_p34	phage	gene-PHIKZ_p34	late	Ceyssens_non-directional_full_raw_counts_cleaned_TPM.tsv	middle
gene-PHIKZ277	phage	gene-PHIKZ277	middle	Ceyssens_non-directional_full_raw_counts_cleaned_TPM.tsv	middle
gene-PHIKZ_p66	phage	gene-PHIKZ_p66	middle	Ceyssens_non-directional_full_raw_counts_cleaned_TPM.tsv	middle
gene-PHIKZ150	phage	gene-PHIKZ150	late	Ceyssens_non-directional_full_raw_counts_cleaned_TPM.tsv	middle
gene-PHIKZ_p59	phage	gene-PHIKZ_p59	middle	Ceyssens_non-directional_full_raw_counts_cleaned_TPM.tsv	middle
gene-PHIKZ045	phage	gene-PHIKZ045	middle	Ceyssens_non-directional_full_raw_counts_cleaned_TPM.tsv	middle
gene-PHIKZ_p82	phage	gene-PHIKZ_p82	middle	Ceyssens_non-directional_full_raw_counts_cleaned_TPM.tsv	middle
gene-PHIKZ_p53	phage	gene-PHIKZ_p53	middle	Ceyssens_non-directional_full_raw_counts_cleaned_TPM.tsv	middle
gene-PHIKZ_p33	phage	gene-PHIKZ_p33	middle	Ceyssens_non-directional_full_raw_counts_cleaned_TPM.tsv	middle
gene-PHIKZ041	phage	gene-PHIKZ041	middle	Ceyssens_non-directional_full_raw_counts_cleaned_TPM.tsv	middle
gene-PHIKZ_p15	phage	gene-PHIKZ_p15	middle	Ceyssens_non-directional_full_raw_counts_cleaned_TPM.tsv	middle
gene-PHIKZ220	phage	gene-PHIKZ220	middle	Ceyssens_non-directional_full_raw_counts_cleaned_TPM.tsv	middle
gene-PHIKZ269	phage	gene-PHIKZ269	middle	Ceyssens_non-directional_full_raw_counts_cleaned_TPM.tsv	middle
gene-PHIKZ_p03	phage	gene-PHIKZ_p03	middle	Ceyssens_non-directional_full_raw_counts_cleaned_TPM.tsv	middle
gene-PHIKZ243	phage	gene-PHIKZ243	middle	Ceyssens_non-directional_full_raw_counts_cleaned_TPM.tsv	middle
gene-PHIKZ222	phage	gene-PHIKZ222	middle	Ceyssens_non-directional_full_raw_counts_cleaned_TPM.tsv	middle
gene-PHIKZ_p13	phage	gene-PHIKZ_p13	middle	Ceyssens_non-directional_full_raw_counts_cleaned_TPM.tsv	middle
gene-PHIKZ174	phage	gene-PHIKZ174	late	Ceyssens_non-directional_full_raw_counts_cleaned_TPM.tsv	middle
gene-PHIKZ170	phage	gene-PHIKZ170	middle	Ceyssens_non-directional_full_raw_counts_cleaned_TPM.tsv	middle
gene-PHIKZ198	phage	gene-PHIKZ198	late	Ceyssens_non-directional_full_raw_counts_cleaned_TPM.tsv	middle
gene-PHIKZ130	phage	gene-PHIKZ130	late	Ceyssens_non-directional_full_raw_counts_cleaned_TPM.tsv	middle
gene-PHIKZ148	phage	gene-PHIKZ148	late	Ceyssens_non-directional_full_raw_counts_cleaned_TPM.tsv	middle
gene-PHIKZ160	phage	gene-PHIKZ160	late	Ceyssens_non-directional_full_raw_counts_cleaned_TPM.tsv	middle
gene-PHIKZ_p89	phage	gene-PHIKZ_p89	late	Ceyssens_non-directional_full_raw_counts_cleaned_TPM.tsv	middle
gene-PHIKZ153	phage	gene-PHIKZ153	late	Ceyssens_non-directional_full_raw_counts_cleaned_TPM.tsv	middle
gene-PHIKZ013	phage	gene-PHIKZ013	middle	Ceyssens_non-directional_full_raw_counts_cleaned_TPM.tsv	middle
gene-PHIKZ281	phage	gene-PHIKZ281	middle	Ceyssens_non-directional_full_raw_counts_cleaned_TPM.tsv	middle
gene-PHIKZ014	phage	gene-PHIKZ014	middle	Ceyssens_non-directional_full_raw_counts_cleaned_TPM.tsv	middle
gene-PHIKZ038	phage	gene-PHIKZ038	middle	Ceyssens_non-directional_full_raw_counts_cleaned_TPM.tsv	middle
gene-PHIKZ_p68	phage	gene-PHIKZ_p68	middle	Ceyssens_non-directional_full_raw_counts_cleaned_TPM.tsv	middle
gene-PHIKZ156	phage	gene-PHIKZ156	late	Ceyssens_non-directional_full_raw_counts_cleaned_TPM.tsv	middle
gene-PHIKZ197	phage	gene-PHIKZ197	late	Ceyssens_non-directional_full_raw_counts_cleaned_TPM.tsv	middle
gene-PHIKZ299	phage	gene-PHIKZ299	late	Ceyssens_non-directional_full_raw_counts_cleaned_TPM.tsv	middle
