Geneid	Entity	Symbol	Label	SourceFile
gene-PPLUZ19_gp23	phage	gp23	early	Brandao_LB_cleaned.tsv
gene-PPLUZ19_gp36	phage	gp36	late	Brandao_LB_cleaned.tsv
gene-PPLUZ19_gp16	phage	gp16	late	Brandao_LB_cleaned.tsv
gene-PPLUZ19_gp40	phage	gp40	middle	Brandao_LB_cleaned.tsv
gene-PPLUZ19_gp44	phage	gp44	middle	Brandao_LB_cleaned.tsv
gene-PPLUZ19_gp48	phage	gp48	middle	Brandao_LB_cleaned.tsv
gene-PPLUZ19_gp5	phage	gp5	early	Brandao_LB_cleaned.tsv
gene-PPLUZ19_gp6	phage	gp6	middle	Brandao_LB_cleaned.tsv
gene-PPLUZ19_gp46	phage	gp46	middle	Brandao_LB_cleaned.tsv
gene-PPLUZ19_gp46.1	phage	gp46.1	middle	Brandao_LB_cleaned.tsv
gene-PPLUZ19_gp31	phage	gp31	late	Brandao_LB_cleaned.tsv
gene-PPLUZ19_gp9	phage	gp9	early	Brandao_LB_cleaned.tsv
gene-PPLUZ19_gp19	phage	gp19	late	Brandao_LB_cleaned.tsv
gene-PPLUZ19_gp24	phage	gp24	late	Brandao_LB_cleaned.tsv
gene-PPLUZ19_gp11	phage	gp11	late	Brandao_LB_cleaned.tsv
gene-PPLUZ19_gp27	phage	gp27	late	Brandao_LB_cleaned.tsv
gene-PPLUZ19_gp0.1	phage	gp0.1	middle	Brandao_LB_cleaned.tsv
gene-PPLUZ19_gp4	phage	gp4	middle	Brandao_LB_cleaned.tsv
gene-PPLUZ19_gp42	phage	gp42	middle	Brandao_LB_cleaned.tsv
gene-PPLUZ19_gp7	phage	gp7	middle	Brandao_LB_cleaned.tsv
gene-PPLUZ19_gp26	phage	gp26	early	Brandao_LB_cleaned.tsv
gene-PPLUZ19_gp34	phage	gp34	early	Brandao_LB_cleaned.tsv
gene-PPLUZ19_gp20	phage	gp20	early	Brandao_LB_cleaned.tsv
gene-PPLUZ19_gp8	phage	gp8	late	Brandao_LB_cleaned.tsv
gene-PPLUZ19_gp14	phage	gp14	late	Brandao_LB_cleaned.tsv
gene-PPLUZ19_gp28	phage	gp28	late	Brandao_LB_cleaned.tsv
gene-PPLUZ19_gp35	phage	gp35	late	Brandao_LB_cleaned.tsv
gene-PPLUZ19_gp41	phage	gp41	middle	Brandao_LB_cleaned.tsv
gene-PPLUZ19_gp32	phage	gp32	middle	Brandao_LB_cleaned.tsv
gene-PPLUZ19_gp45	phage	gp45	middle	Brandao_LB_cleaned.tsv
gene-PPLUZ19_gp10	phage	gp10	early	Brandao_LB_cleaned.tsv
gene-PPLUZ19_gp13	phage	gp13	late	Brandao_LB_cleaned.tsv
gene-PPLUZ19_gp49	phage	gp49	middle	Brandao_LB_cleaned.tsv
gene-PPLUZ19_gp21	phage	gp21	late	Brandao_LB_cleaned.tsv
gene-PPLUZ19_gp12.1	phage	gp12.1	late	Brandao_LB_cleaned.tsv
gene-PPLUZ19_gp43	phage	gp43	middle	Brandao_LB_cleaned.tsv
gene-PPLUZ19_PPLUZ19_gp20	phage	gene-PPLUZ19_PPLUZ19_gp20	late	Brandao_LB_cleaned.tsv
gene-PPLUZ19_gp12	phage	gp12	late	Brandao_LB_cleaned.tsv
gene-PPLUZ19_gp25	phage	gp25	early	Brandao_LB_cleaned.tsv
gene-PPLUZ19_gp1	phage	gp1	middle	Brandao_LB_cleaned.tsv
gene-PPLUZ19_gp47	phage	gp47	middle	Brandao_LB_cleaned.tsv
gene-PPLUZ19_gp25.1	phage	gp25.1	early	Brandao_LB_cleaned.tsv
gene-PPLUZ19_gp22	phage	gp22	early	Brandao_LB_cleaned.tsv
gene-PPLUZ19_gp37	phage	gp37	early	Brandao_LB_cleaned.tsv
gene-PPLUZ19_gp3	phage	gp3	middle	Brandao_LB_cleaned.tsv
gene-PPLUZ19_gp30	phage	gp30	early	Brandao_LB_cleaned.tsv
gene-PPLUZ19_gp33	phage	gp33	late	Brandao_LB_cleaned.tsv
gene-PPLUZ19_gp13.1	phage	gp13.1	late	Brandao_LB_cleaned.tsv
gene-PPLUZ19_gp15	phage	gp15	late	Brandao_LB_cleaned.tsv
gene-PPLUZ19_gp39	phage	gp39	middle	Brandao_LB_cleaned.tsv
gene-PPLUZ19_gp2	phage	gp2	middle	Brandao_LB_cleaned.tsv
gene-PPLUZ19_gp18	phage	gp18	late	Brandao_LB_cleaned.tsv
gene-PPLUZ19_gp38	phage	gp38	middle	Brandao_LB_cleaned.tsv
gene-PPLUZ19_gp29	phage	gp29	late	Brandao_LB_cleaned.tsv
gene-PHIKZ060	phage	gene-PHIKZ060	early	Ceyssens_non-directional_cleaned.tsv
gene-PHIKZ241	phage	gene-PHIKZ241	early	Ceyssens_non-directional_cleaned.tsv
gene-PHIKZ219	phage	gene-PHIKZ219	early	Ceyssens_non-directional_cleaned.tsv
gene-PHIKZ_p25	phage	gene-PHIKZ_p25	middle	Ceyssens_non-directional_cleaned.tsv
gene-PHIKZ_p52	phage	gene-PHIKZ_p52	middle	Ceyssens_non-directional_cleaned.tsv
gene-PHIKZ016	phage	gene-PHIKZ016	early	Ceyssens_non-directional_cleaned.tsv
gene-PHIKZ069	phage	gene-PHIKZ069	middle	Ceyssens_non-directional_cleaned.tsv
gene-PHIKZ001	phage	gene-PHIKZ001	middle	Ceyssens_non-directional_cleaned.tsv
gene-PHIKZ119	phage	gene-PHIKZ119	middle	Ceyssens_non-directional_cleaned.tsv
gene-PHIKZ208	phage	gene-PHIKZ208	middle	Ceyssens_non-directional_cleaned.tsv
gene-PHIKZ010	phage	gene-PHIKZ010	middle	Ceyssens_non-directional_cleaned.tsv
gene-PHIKZ_p40	phage	gene-PHIKZ_p40	early	Ceyssens_non-directional_cleaned.tsv
gene-PHIKZ257	phage	gene-PHIKZ257	middle	Ceyssens_non-directional_cleaned.tsv
gene-PHIKZ116	phage	gene-PHIKZ116	early	Ceyssens_non-directional_cleaned.tsv
gene-PHIKZ_p23	phage	gene-PHIKZ_p23	early	Ceyssens_non-directional_cleaned.tsv
gene-PHIKZ250	phage	gene-PHIKZ250	early	Ceyssens_non-directional_cleaned.tsv
gene-PHIKZ240	phage	gene-PHIKZ240	middle	Ceyssens_non-directional_cleaned.tsv
gene-PHIKZ_p05	phage	gene-PHIKZ_p05	middle	Ceyssens_non-directional_cleaned.tsv
gene-PHIKZ288	phage	gene-PHIKZ288	early	Ceyssens_non-directional_cleaned.tsv
gene-PHIKZ195	phage	gene-PHIKZ195	middle	Ceyssens_non-directional_cleaned.tsv
gene-PHIKZ_p02	phage	gene-PHIKZ_p02	middle	Ceyssens_non-directional_cleaned.tsv
gene-PHIKZ_p77	phage	gene-PHIKZ_p77	middle	Ceyssens_non-directional_cleaned.tsv
gene-PHIKZ286	phage	gene-PHIKZ286	middle	Ceyssens_non-directional_cleaned.tsv
gene-PHIKZ058	phage	gene-PHIKZ058	middle	Ceyssens_non-directional_cleaned.tsv
gene-PHIKZ287	phage	gene-PHIKZ287	early	Ceyssens_non-directional_cleaned.tsv
gene-PHIKZ066	phage	gene-PHIKZ066	early	Ceyssens_non-directional_cleaned.tsv
gene-PHIKZ112	phage	gene-PHIKZ112	middle	Ceyssens_non-directional_cleaned.tsv
gene-PHIKZ011	phage	gene-PHIKZ011	middle	Ceyssens_non-directional_cleaned.tsv
gene-PHIKZ215	phage	gene-PHIKZ215	early	Ceyssens_non-directional_cleaned.tsv
gene-PHIKZ190	phage	gene-PHIKZ190	early	Ceyssens_non-directional_cleaned.tsv
gene-PHIKZ040	phage	gene-PHIKZ040	early	Ceyssens_non-directional_cleaned.tsv
gene-PHIKZ171	phage	gene-PHIKZ171	early	Ceyssens_non-directional_cleaned.tsv
gene-PHIKZ084	phage	gene-PHIKZ084	early	Ceyssens_non-directional_cleaned.tsv
gene-PHIKZ142	phage	gene-PHIKZ142	early	Ceyssens_non-directional_cleaned.tsv
gene-PHIKZ290	phage	gene-PHIKZ290	early	Ceyssens_non-directional_cleaned.tsv
gene-PHIKZ096	phage	gene-PHIKZ096	early	Ceyssens_non-directional_cleaned.tsv
gene-PHIKZ081	phage	gene-PHIKZ081	early	Ceyssens_non-directional_cleaned.tsv
gene-PHIKZ143	phage	gene-PHIKZ143	middle	Ceyssens_non-directional_cleaned.tsv
gene-PHIKZ_p65	phage	gene-PHIKZ_p65	middle	Ceyssens_non-directional_cleaned.tsv
gene-PHIKZ034	phage	gene-PHIKZ034	middle	Ceyssens_non-directional_cleaned.tsv
gene-PHIKZ_p84	phage	gene-PHIKZ_p84	middle	Ceyssens_non-directional_cleaned.tsv
gene-PHIKZ031	phage	gene-PHIKZ031	early	Ceyssens_non-directional_cleaned.tsv
gene-PHIKZ175	phage	gene-PHIKZ175	early	Ceyssens_non-directional_cleaned.tsv
gene-PHIKZ053	phage	gene-PHIKZ053	early	Ceyssens_non-directional_cleaned.tsv
gene-PHIKZ234	phage	gene-PHIKZ234	middle	Ceyssens_non-directional_cleaned.tsv
gene-PHIKZ070	phage	gene-PHIKZ070	middle	Ceyssens_non-directional_cleaned.tsv
gene-PHIKZ172	phage	gene-PHIKZ172	early	Ceyssens_non-directional_cleaned.tsv
gene-PHIKZ089	phage	gene-PHIKZ089	early	Ceyssens_non-directional_cleaned.tsv
gene-PHIKZ271	phage	gene-PHIKZ271	middle	Ceyssens_non-directional_cleaned.tsv
gene-PHIKZ167	phage	gene-PHIKZ167	early	Ceyssens_non-directional_cleaned.tsv
gene-PHIKZ134	phage	gene-PHIKZ134	early	Ceyssens_non-directional_cleaned.tsv
gene-PHIKZ_p57	phage	gene-PHIKZ_p57	middle	Ceyssens_non-directional_cleaned.tsv
gene-PHIKZ_t05	phage	gene-PHIKZ_t05	middle	Ceyssens_non-directional_cleaned.tsv
gene-PHIKZ267	phage	gene-PHIKZ267	middle	Ceyssens_non-directional_cleaned.tsv
gene-PHIKZ131	phage	gene-PHIKZ131	early	Ceyssens_non-directional_cleaned.tsv
gene-PHIKZ210	phage	gene-PHIKZ210	early	Ceyssens_non-directional_cleaned.tsv
gene-PHIKZ_p08	phage	gene-PHIKZ_p08	middle	Ceyssens_non-directional_cleaned.tsv
gene-PHIKZ_p09	phage	gene-PHIKZ_p09	middle	Ceyssens_non-directional_cleaned.tsv
gene-PHIKZ_p71	phage	gene-PHIKZ_p71	middle	Ceyssens_non-directional_cleaned.tsv
gene-PHIKZ_p69	phage	gene-PHIKZ_p69	middle	Ceyssens_non-directional_cleaned.tsv
gene-PHIKZ_p38	phage	gene-PHIKZ_p38	early	Ceyssens_non-directional_cleaned.tsv
gene-PHIKZ_p78	phage	gene-PHIKZ_p78	middle	Ceyssens_non-directional_cleaned.tsv
gene-PHIKZ137	phage	gene-PHIKZ137	middle	Ceyssens_non-directional_cleaned.tsv
gene-PHIKZ232	phage	gene-PHIKZ232	middle	Ceyssens_non-directional_cleaned.tsv
gene-PHIKZ_p86	phage	gene-PHIKZ_p86	middle	Ceyssens_non-directional_cleaned.tsv
gene-PHIKZ280	phage	gene-PHIKZ280	middle	Ceyssens_non-directional_cleaned.tsv
gene-PHIKZ_t04	phage	gene-PHIKZ_t04	middle	Ceyssens_non-directional_cleaned.tsv
gene-PHIKZ262	phage	gene-PHIKZ262	middle	Ceyssens_non-directional_cleaned.tsv
gene-PHIKZ_t02	phage	gene-PHIKZ_t02	middle	Ceyssens_non-directional_cleaned.tsv
gene-PHIKZ133	phage	gene-PHIKZ133	early	Ceyssens_non-directional_cleaned.tsv
gene-PHIKZ_p24	phage	gene-PHIKZ_p24	middle	Ceyssens_non-directional_cleaned.tsv
gene-PHIKZ254	phage	gene-PHIKZ254	early	Ceyssens_non-directional_cleaned.tsv
gene-PHIKZ108	phage	gene-PHIKZ108	middle	Ceyssens_non-directional_cleaned.tsv
gene-PHIKZ_p11	phage	gene-PHIKZ_p11	middle	Ceyssens_non-directional_cleaned.tsv
gene-PHIKZ278	phage	gene-PHIKZ278	middle	Ceyssens_non-directional_cleaned.tsv
gene-PHIKZ082	phage	gene-PHIKZ082	early	Ceyssens_non-directional_cleaned.tsv
gene-PHIKZ258	phage	gene-PHIKZ258	middle	Ceyssens_non-directional_cleaned.tsv
gene-PHIKZ245	phage	gene-PHIKZ245	middle	Ceyssens_non-directional_cleaned.tsv
gene-PHIKZ_p60	phage	gene-PHIKZ_p60	middle	Ceyssens_non-directional_cleaned.tsv
gene-PHIKZ211	phage	gene-PHIKZ211	early	Ceyssens_non-directional_cleaned.tsv
gene-PHIKZ_p46	phage	gene-PHIKZ_p46	early	Ceyssens_non-directional_cleaned.tsv
gene-PHIKZ223	phage	gene-PHIKZ223	middle	Ceyssens_non-directional_cleaned.tsv
gene-PHIKZ_p45	phage	gene-PHIKZ_p45	middle	Ceyssens_non-directional_cleaned.tsv
gene-PHIKZ061	phage	gene-PHIKZ061	early	Ceyssens_non-directional_cleaned.tsv
gene-PHIKZ_p12	phage	gene-PHIKZ_p12	middle	Ceyssens_non-directional_cleaned.tsv
gene-PHIKZ182	phage	gene-PHIKZ182	early	Ceyssens_non-directional_cleaned.tsv
gene-PHIKZ_p72	phage	gene-PHIKZ_p72	middle	Ceyssens_non-directional_cleaned.tsv
gene-PHIKZ239	phage	gene-PHIKZ239	middle	Ceyssens_non-directional_cleaned.tsv
gene-PHIKZ191	phage	gene-PHIKZ191	middle	Ceyssens_non-directional_cleaned.tsv
gene-PHIKZ017	phage	gene-PHIKZ017	middle	Ceyssens_non-directional_cleaned.tsv
gene-PHIKZ_p07	phage	gene-PHIKZ_p07	middle	Ceyssens_non-directional_cleaned.tsv
gene-PHIKZ114	phage	gene-PHIKZ114	middle	Ceyssens_non-directional_cleaned.tsv
gene-PHIKZ244	phage	gene-PHIKZ244	early	Ceyssens_non-directional_cleaned.tsv
gene-PHIKZ067	phage	gene-PHIKZ067	early	Ceyssens_non-directional_cleaned.tsv
gene-PHIKZ165	phage	gene-PHIKZ165	early	Ceyssens_non-directional_cleaned.tsv
gene-PHIKZ_p28	phage	gene-PHIKZ_p28	early	Ceyssens_non-directional_cleaned.tsv
gene-PHIKZ_t03	phage	gene-PHIKZ_t03	middle	Ceyssens_non-directional_cleaned.tsv
gene-PHIKZ246	phage	gene-PHIKZ246	middle	Ceyssens_non-directional_cleaned.tsv
gene-PHIKZ_p85	phage	gene-PHIKZ_p85	early	Ceyssens_non-directional_cleaned.tsv
gene-PHIKZ_p80	phage	gene-PHIKZ_p80	middle	Ceyssens_non-directional_cleaned.tsv
gene-PHIKZ236	phage	gene-PHIKZ236	early	Ceyssens_non-directional_cleaned.tsv
gene-PHIKZ229	phage	gene-PHIKZ229	early	Ceyssens_non-directional_cleaned.tsv
gene-PHIKZ063	phage	gene-PHIKZ063	early	Ceyssens_non-directional_cleaned.tsv
gene-PHIKZ029	phage	gene-PHIKZ029	middle	Ceyssens_non-directional_cleaned.tsv
gene-PHIKZ020	phage	gene-PHIKZ020	early	Ceyssens_non-directional_cleaned.tsv
gene-PHIKZ185	phage	gene-PHIKZ185	early	Ceyssens_non-directional_cleaned.tsv
gene-PHIKZ204	phage	gene-PHIKZ204	middle	Ceyssens_non-directional_cleaned.tsv
gene-PHIKZ078	phage	gene-PHIKZ078	middle	Ceyssens_non-directional_cleaned.tsv
gene-PHIKZ264	phage	gene-PHIKZ264	early	Ceyssens_non-directional_cleaned.tsv
gene-PHIKZ_p04	phage	gene-PHIKZ_p04	early	Ceyssens_non-directional_cleaned.tsv
gene-PHIKZ002	phage	gene-PHIKZ002	early	Ceyssens_non-directional_cleaned.tsv
gene-PHIKZ092	phage	gene-PHIKZ092	early	Ceyssens_non-directional_cleaned.tsv
gene-PHIKZ228	phage	gene-PHIKZ228	early	Ceyssens_non-directional_cleaned.tsv
gene-PHIKZ077	phage	gene-PHIKZ077	early	Ceyssens_non-directional_cleaned.tsv
gene-PHIKZ098	phage	gene-PHIKZ098	middle	Ceyssens_non-directional_cleaned.tsv
gene-PHIKZ064	phage	gene-PHIKZ064	early	Ceyssens_non-directional_cleaned.tsv
gene-PHIKZ_p83	phage	gene-PHIKZ_p83	early	Ceyssens_non-directional_cleaned.tsv
gene-PHIKZ_p32	phage	gene-PHIKZ_p32	middle	Ceyssens_non-directional_cleaned.tsv
gene-PHIKZ110	phage	gene-PHIKZ110	early	Ceyssens_non-directional_cleaned.tsv
gene-PHIKZ018	phage	gene-PHIKZ018	early	Ceyssens_non-directional_cleaned.tsv
gene-PHIKZ193	phage	gene-PHIKZ193	early	Ceyssens_non-directional_cleaned.tsv
gene-PHIKZ226	phage	gene-PHIKZ226	early	Ceyssens_non-directional_cleaned.tsv
gene-PHIKZ015	phage	gene-PHIKZ015	early	Ceyssens_non-directional_cleaned.tsv
gene-PHIKZ090	phage	gene-PHIKZ090	early	Ceyssens_non-directional_cleaned.tsv
gene-PHIKZ_t06	phage	gene-PHIKZ_t06	early	Ceyssens_non-directional_cleaned.tsv
gene-PHIKZ057	phage	gene-PHIKZ057	middle	Ceyssens_non-directional_cleaned.tsv
gene-PHIKZ115	phage	gene-PHIKZ115	middle	Ceyssens_non-directional_cleaned.tsv
gene-PHIKZ238	phage	gene-PHIKZ238	early	Ceyssens_non-directional_cleaned.tsv
gene-PHIKZ094	phage	gene-PHIKZ094	early	Ceyssens_non-directional_cleaned.tsv
gene-PHIKZ302	phage	gene-PHIKZ302	middle	Ceyssens_non-directional_cleaned.tsv
gene-PHIKZ227	phage	gene-PHIKZ227	middle	Ceyssens_non-directional_cleaned.tsv
gene-PHIKZ_p91	phage	gene-PHIKZ_p91	early	Ceyssens_non-directional_cleaned.tsv
gene-PHIKZ251	phage	gene-PHIKZ251	middle	Ceyssens_non-directional_cleaned.tsv
gene-PHIKZ_p36	phage	gene-PHIKZ_p36	middle	Ceyssens_non-directional_cleaned.tsv
gene-PHIKZ_p42	phage	gene-PHIKZ_p42	middle	Ceyssens_non-directional_cleaned.tsv
gene-PHIKZ266	phage	gene-PHIKZ266	early	Ceyssens_non-directional_cleaned.tsv
gene-PHIKZ248	phage	gene-PHIKZ248	middle	Ceyssens_non-directional_cleaned.tsv
gene-PHIKZ265	phage	gene-PHIKZ265	middle	Ceyssens_non-directional_cleaned.tsv
gene-PHIKZ087	phage	gene-PHIKZ087	early	Ceyssens_non-directional_cleaned.tsv
gene-PHIKZ008	phage	gene-PHIKZ008	early	Ceyssens_non-directional_cleaned.tsv
gene-PHIKZ214	phage	gene-PHIKZ214	middle	Ceyssens_non-directional_cleaned.tsv
gene-PHIKZ007	phage	gene-PHIKZ007	middle	Ceyssens_non-directional_cleaned.tsv
gene-PHIKZ085	phage	gene-PHIKZ085	early	Ceyssens_non-directional_cleaned.tsv
gene-PHIKZ184	phage	gene-PHIKZ184	early	Ceyssens_non-directional_cleaned.tsv
gene-PHIKZ270	phage	gene-PHIKZ270	middle	Ceyssens_non-directional_cleaned.tsv
gene-PHIKZ_p35	phage	gene-PHIKZ_p35	middle	Ceyssens_non-directional_cleaned.tsv
gene-PHIKZ109	phage	gene-PHIKZ109	middle	Ceyssens_non-directional_cleaned.tsv
gene-PHIKZ181	phage	gene-PHIKZ181	middle	Ceyssens_non-directional_cleaned.tsv
gene-PHIKZ_p90	phage	gene-PHIKZ_p90	middle	Ceyssens_non-directional_cleaned.tsv
gene-PHIKZ169	phage	gene-PHIKZ169	middle	Ceyssens_non-directional_cleaned.tsv
gene-PHIKZ_p17	phage	gene-PHIKZ_p17	early	Ceyssens_non-directional_cleaned.tsv
gene-PHIKZ202	phage	gene-PHIKZ202	middle	Ceyssens_non-directional_cleaned.tsv
gene-PHIKZ305	phage	gene-PHIKZ305	early	Ceyssens_non-directional_cleaned.tsv
gene-PHIKZ_p48	phage	gene-PHIKZ_p48	middle	Ceyssens_non-directional_cleaned.tsv
gene-PHIKZ203	phage	gene-PHIKZ203	early	Ceyssens_non-directional_cleaned.tsv
gene-PHIKZ141	phage	gene-PHIKZ141	middle	Ceyssens_non-directional_cleaned.tsv
gene-PHIKZ121	phage	gene-PHIKZ121	middle	Ceyssens_non-directional_cleaned.tsv
gene-PHIKZ196	phage	gene-PHIKZ196	early	Ceyssens_non-directional_cleaned.tsv
gene-PHIKZ224	phage	gene-PHIKZ224	middle	Ceyssens_non-directional_cleaned.tsv
gene-PHIKZ049	phage	gene-PHIKZ049	early	Ceyssens_non-directional_cleaned.tsv
gene-PHIKZ201	phage	gene-PHIKZ201	early	Ceyssens_non-directional_cleaned.tsv
gene-PHIKZ_p21	phage	gene-PHIKZ_p21	early	Ceyssens_non-directional_cleaned.tsv
gene-PHIKZ273	phage	gene-PHIKZ273	early	Ceyssens_non-directional_cleaned.tsv
gene-PHIKZ_p76	phage	gene-PHIKZ_p76	early	Ceyssens_non-directional_cleaned.tsv
gene-PHIKZ075	phage	gene-PHIKZ075	early	Ceyssens_non-directional_cleaned.tsv
gene-PHIKZ144	phage	gene-PHIKZ144	middle	Ceyssens_non-directional_cleaned.tsv
gene-PHIKZ_p54	phage	gene-PHIKZ_p54	middle	Ceyssens_non-directional_cleaned.tsv
gene-PHIKZ103	phage	gene-PHIKZ103	early	Ceyssens_non-directional_cleaned.tsv
gene-PHIKZ_p51	phage	gene-PHIKZ_p51	early	Ceyssens_non-directional_cleaned.tsv
gene-PHIKZ_p75	phage	gene-PHIKZ_p75	early	Ceyssens_non-directional_cleaned.tsv
gene-PHIKZ168	phage	gene-PHIKZ168	middle	Ceyssens_non-directional_cleaned.tsv
gene-PHIKZ129	phage	gene-PHIKZ129	early	Ceyssens_non-directional_cleaned.tsv
gene-PHIKZ_p27	phage	gene-PHIKZ_p27	early	Ceyssens_non-directional_cleaned.tsv
gene-PHIKZ260	phage	gene-PHIKZ260	middle	Ceyssens_non-directional_cleaned.tsv
gene-PHIKZ_p06	phage	gene-PHIKZ_p06	middle	Ceyssens_non-directional_cleaned.tsv
gene-PHIKZ303	phage	gene-PHIKZ303	early	Ceyssens_non-directional_cleaned.tsv
gene-PHIKZ_p10	phage	gene-PHIKZ_p10	early	Ceyssens_non-directional_cleaned.tsv
gene-PHIKZ_p58	phage	gene-PHIKZ_p58	middle	Ceyssens_non-directional_cleaned.tsv
gene-PHIKZ_p63	phage	gene-PHIKZ_p63	early	Ceyssens_non-directional_cleaned.tsv
gene-PHIKZ_p29	phage	gene-PHIKZ_p29	early	Ceyssens_non-directional_cleaned.tsv
gene-PHIKZ_t01	phage	gene-PHIKZ_t01	middle	Ceyssens_non-directional_cleaned.tsv
gene-PHIKZ088	phage	gene-PHIKZ088	middle	Ceyssens_non-directional_cleaned.tsv
gene-PHIKZ111	phage	gene-PHIKZ111	middle	Ceyssens_non-directional_cleaned.tsv
gene-PHIKZ301	phage	gene-PHIKZ301	middle	Ceyssens_non-directional_cleaned.tsv
gene-PHIKZ_p61	phage	gene-PHIKZ_p61	middle	Ceyssens_non-directional_cleaned.tsv
gene-PHIKZ122	phage	gene-PHIKZ122	early	Ceyssens_non-directional_cleaned.tsv
gene-PHIKZ177	phage	gene-PHIKZ177	early	Ceyssens_non-directional_cleaned.tsv
gene-PHIKZ_p67	phage	gene-PHIKZ_p67	middle	Ceyssens_non-directional_cleaned.tsv
gene-PHIKZ124	phage	gene-PHIKZ124	middle	Ceyssens_non-directional_cleaned.tsv
gene-PHIKZ256	phage	gene-PHIKZ256	middle	Ceyssens_non-directional_cleaned.tsv
gene-PHIKZ003	phage	gene-PHIKZ003	middle	Ceyssens_non-directional_cleaned.tsv
gene-PHIKZ004	phage	gene-PHIKZ004	middle	Ceyssens_non-directional_cleaned.tsv
gene-PHIKZ023	phage	gene-PHIKZ023	early	Ceyssens_non-directional_cleaned.tsv
gene-PHIKZ_p01	phage	gene-PHIKZ_p01	middle	Ceyssens_non-directional_cleaned.tsv
gene-PHIKZ_p22	phage	gene-PHIKZ_p22	early	Ceyssens_non-directional_cleaned.tsv
gene-PHIKZ128	phage	gene-PHIKZ128	early	Ceyssens_non-directional_cleaned.tsv
gene-PHIKZ249	phage	gene-PHIKZ249	middle	Ceyssens_non-directional_cleaned.tsv
gene-PHIKZ012	phage	gene-PHIKZ012	middle	Ceyssens_non-directional_cleaned.tsv
gene-PHIKZ274	phage	gene-PHIKZ274	early	Ceyssens_non-directional_cleaned.tsv
gene-PHIKZ_p88	phage	gene-PHIKZ_p88	early	Ceyssens_non-directional_cleaned.tsv
gene-PHIKZ099	phage	gene-PHIKZ099	early	Ceyssens_non-directional_cleaned.tsv
gene-PHIKZ275	phage	gene-PHIKZ275	middle	Ceyssens_non-directional_cleaned.tsv
gene-PHIKZ200	phage	gene-PHIKZ200	middle	Ceyssens_non-directional_cleaned.tsv
gene-PHIKZ261	phage	gene-PHIKZ261	middle	Ceyssens_non-directional_cleaned.tsv
gene-PHIKZ_p20	phage	gene-PHIKZ_p20	early	Ceyssens_non-directional_cleaned.tsv
gene-PHIKZ019	phage	gene-PHIKZ019	early	Ceyssens_non-directional_cleaned.tsv
gene-PHIKZ149	phage	gene-PHIKZ149	early	Ceyssens_non-directional_cleaned.tsv
gene-PHIKZ068	phage	gene-PHIKZ068	middle	Ceyssens_non-directional_cleaned.tsv
gene-PHIKZ071	phage	gene-PHIKZ071	middle	Ceyssens_non-directional_cleaned.tsv
gene-PHIKZ042	phage	gene-PHIKZ042	middle	Ceyssens_non-directional_cleaned.tsv
gene-PHIKZ100	phage	gene-PHIKZ100	middle	Ceyssens_non-directional_cleaned.tsv
gene-PHIKZ146	phage	gene-PHIKZ146	middle	Ceyssens_non-directional_cleaned.tsv
gene-PHIKZ135	phage	gene-PHIKZ135	early	Ceyssens_non-directional_cleaned.tsv
gene-PHIKZ048	phage	gene-PHIKZ048	early	Ceyssens_non-directional_cleaned.tsv
gene-PHIKZ027	phage	gene-PHIKZ027	middle	Ceyssens_non-directional_cleaned.tsv
gene-PHIKZ_p44	phage	gene-PHIKZ_p44	middle	Ceyssens_non-directional_cleaned.tsv
gene-PHIKZ272	phage	gene-PHIKZ272	middle	Ceyssens_non-directional_cleaned.tsv
gene-PHIKZ127	phage	gene-PHIKZ127	middle	Ceyssens_non-directional_cleaned.tsv
gene-PHIKZ033	phage	gene-PHIKZ033	middle	Ceyssens_non-directional_cleaned.tsv
gene-PHIKZ105	phage	gene-PHIKZ105	early	Ceyssens_non-directional_cleaned.tsv
gene-PHIKZ123	phage	gene-PHIKZ123	early	Ceyssens_non-directional_cleaned.tsv
gene-PHIKZ046	phage	gene-PHIKZ046	middle	Ceyssens_non-directional_cleaned.tsv
gene-PHIKZ_p74	phage	gene-PHIKZ_p74	middle	Ceyssens_non-directional_cleaned.tsv
gene-PHIKZ106	phage	gene-PHIKZ106	middle	Ceyssens_non-directional_cleaned.tsv
gene-PHIKZ252	phage	gene-PHIKZ252	early	Ceyssens_non-directional_cleaned.tsv
gene-PHIKZ074	phage	gene-PHIKZ074	middle	Ceyssens_non-directional_cleaned.tsv
gene-PHIKZ140	phage	gene-PHIKZ140	middle	Ceyssens_non-directional_cleaned.tsv
gene-PHIKZ_p64	phage	gene-PHIKZ_p64	middle	Ceyssens_non-directional_cleaned.tsv
gene-PHIKZ162	phage	gene-PHIKZ162	early	Ceyssens_non-directional_cleaned.tsv
gene-PHIKZ163	phage	gene-PHIKZ163	early	Ceyssens_non-directional_cleaned.tsv
gene-PHIKZ209	phage	gene-PHIKZ209	middle	Ceyssens_non-directional_cleaned.tsv
gene-PHIKZ101	phage	gene-PHIKZ101	early	Ceyssens_non-directional_cleaned.tsv
gene-PHIKZ263	phage	gene-PHIKZ263	middle	Ceyssens_non-directional_cleaned.tsv
gene-PHIKZ_p19	phage	gene-PHIKZ_p19	early	Ceyssens_non-directional_cleaned.tsv
gene-PHIKZ022	phage	gene-PHIKZ022	middle	Ceyssens_non-directional_cleaned.tsv
gene-PHIKZ035	phage	gene-PHIKZ035	middle	Ceyssens_non-directional_cleaned.tsv
gene-PHIKZ132	phage	gene-PHIKZ132	early	Ceyssens_non-directional_cleaned.tsv
gene-PHIKZ207	phage	gene-PHIKZ207	middle	Ceyssens_non-directional_cleaned.tsv
gene-PHIKZ298	phage	gene-PHIKZ298	middle	Ceyssens_non-directional_cleaned.tsv
gene-PHIKZ126	phage	gene-PHIKZ126	early	Ceyssens_non-directional_cleaned.tsv
gene-PHIKZ284	phage	gene-PHIKZ284	middle	Ceyssens_non-directional_cleaned.tsv
gene-PHIKZ025	phage	gene-PHIKZ025	middle	Ceyssens_non-directional_cleaned.tsv
gene-PHIKZ253	phage	gene-PHIKZ253	middle	Ceyssens_non-directional_cleaned.tsv
gene-PHIKZ296	phage	gene-PHIKZ296	early	Ceyssens_non-directional_cleaned.tsv
gene-PHIKZ028	phage	gene-PHIKZ028	early	Ceyssens_non-directional_cleaned.tsv
gene-PHIKZ188	phage	gene-PHIKZ188	middle	Ceyssens_non-directional_cleaned.tsv
gene-PHIKZ294	phage	gene-PHIKZ294	early	Ceyssens_non-directional_cleaned.tsv
gene-PHIKZ136	phage	gene-PHIKZ136	early	Ceyssens_non-directional_cleaned.tsv
gene-PHIKZ189	phage	gene-PHIKZ189	early	Ceyssens_non-directional_cleaned.tsv
gene-PHIKZ043	phage	gene-PHIKZ043	middle	Ceyssens_non-directional_cleaned.tsv
gene-PHIKZ233	phage	gene-PHIKZ233	middle	Ceyssens_non-directional_cleaned.tsv
gene-PHIKZ_p18	phage	gene-PHIKZ_p18	middle	Ceyssens_non-directional_cleaned.tsv
gene-PHIKZ186	phage	gene-PHIKZ186	early	Ceyssens_non-directional_cleaned.tsv
gene-PHIKZ176	phage	gene-PHIKZ176	middle	Ceyssens_non-directional_cleaned.tsv
gene-PHIKZ021	phage	gene-PHIKZ021	early	Ceyssens_non-directional_cleaned.tsv
gene-PHIKZ076	phage	gene-PHIKZ076	early	Ceyssens_non-directional_cleaned.tsv
gene-PHIKZ_p26	phage	gene-PHIKZ_p26	middle	Ceyssens_non-directional_cleaned.tsv
gene-PHIKZ_p87	phage	gene-PHIKZ_p87	early	Ceyssens_non-directional_cleaned.tsv
gene-PHIKZ283	phage	gene-PHIKZ283	middle	Ceyssens_non-directional_cleaned.tsv
gene-PHIKZ113	phage	gene-PHIKZ113	middle	Ceyssens_non-directional_cleaned.tsv
gene-PHIKZ138	phage	gene-PHIKZ138	early	Ceyssens_non-directional_cleaned.tsv
gene-PHIKZ_p55	phage	gene-PHIKZ_p55	middle	Ceyssens_non-directional_cleaned.tsv
gene-PHIKZ_p41	phage	gene-PHIKZ_p41	middle	Ceyssens_non-directional_cleaned.tsv
gene-PHIKZ291	phage	gene-PHIKZ291	middle	Ceyssens_non-directional_cleaned.tsv
gene-PHIKZ259	phage	gene-PHIKZ259	early	Ceyssens_non-directional_cleaned.tsv
gene-PHIKZ157	phage	gene-PHIKZ157	early	Ceyssens_non-directional_cleaned.tsv
gene-PHIKZ_p37	phage	gene-PHIKZ_p37	early	Ceyssens_non-directional_cleaned.tsv
gene-PHIKZ093	phage	gene-PHIKZ093	early	Ceyssens_non-directional_cleaned.tsv
gene-PHIKZ047	phage	gene-PHIKZ047	middle	Ceyssens_non-directional_cleaned.tsv
gene-PHIKZ055	phage	gene-PHIKZ055	middle	Ceyssens_non-directional_cleaned.tsv
gene-PHIKZ152	phage	gene-PHIKZ152	early	Ceyssens_non-directional_cleaned.tsv
gene-PHIKZ304	phage	gene-PHIKZ304	middle	Ceyssens_non-directional_cleaned.tsv
gene-PHIKZ_p50	phage	gene-PHIKZ_p50	middle	Ceyssens_non-directional_cleaned.tsv
gene-PHIKZ_p62	phage	gene-PHIKZ_p62	middle	Ceyssens_non-directional_cleaned.tsv
gene-PHIKZ247	phage	gene-PHIKZ247	middle	Ceyssens_non-directional_cleaned.tsv
gene-PHIKZ242	phage	gene-PHIKZ242	early	Ceyssens_non-directional_cleaned.tsv
gene-PHIKZ056	phage	gene-PHIKZ056	early	Ceyssens_non-directional_cleaned.tsv
gene-PHIKZ036	phage	gene-PHIKZ036	middle	Ceyssens_non-directional_cleaned.tsv
gene-PHIKZ_p30	phage	gene-PHIKZ_p30	early	Ceyssens_non-directional_cleaned.tsv
gene-PHIKZ235	phage	gene-PHIKZ235	early	Ceyssens_non-directional_cleaned.tsv
gene-PHIKZ050	phage	gene-PHIKZ050	early	Ceyssens_non-directional_cleaned.tsv
gene-PHIKZ231	phage	gene-PHIKZ231	middle	Ceyssens_non-directional_cleaned.tsv
gene-PHIKZ107	phage	gene-PHIKZ107	early	Ceyssens_non-directional_cleaned.tsv
gene-PHIKZ104	phage	gene-PHIKZ104	middle	Ceyssens_non-directional_cleaned.tsv
gene-PHIKZ268	phage	gene-PHIKZ268	middle	Ceyssens_non-directional_cleaned.tsv
gene-PHIKZ206	phage	gene-PHIKZ206	middle	Ceyssens_non-directional_cleaned.tsv
gene-PHIKZ_p70	phage	gene-PHIKZ_p70	early	Ceyssens_non-directional_cleaned.tsv
gene-PHIKZ158	phage	gene-PHIKZ158	middle	Ceyssens_non-directional_cleaned.tsv
gene-PHIKZ_p16	phage	gene-PHIKZ_p16	early	Ceyssens_non-directional_cleaned.tsv
gene-PHIKZ083	phage	gene-PHIKZ083	early	Ceyssens_non-directional_cleaned.tsv
gene-PHIKZ285	phage	gene-PHIKZ285	middle	Ceyssens_non-directional_cleaned.tsv
gene-PHIKZ125	phage	gene-PHIKZ125	middle	Ceyssens_non-directional_cleaned.tsv
gene-PHIKZ026	phage	gene-PHIKZ026	middle	Ceyssens_non-directional_cleaned.tsv
gene-PHIKZ293	phage	gene-PHIKZ293	middle	Ceyssens_non-directional_cleaned.tsv
gene-PHIKZ005	phage	gene-PHIKZ005	middle	Ceyssens_non-directional_cleaned.tsv
gene-PHIKZ051	phage	gene-PHIKZ051	middle	Ceyssens_non-directional_cleaned.tsv
gene-PHIKZ_p79	phage	gene-PHIKZ_p79	middle	Ceyssens_non-directional_cleaned.tsv
gene-PHIKZ_p14	phage	gene-PHIKZ_p14	middle	Ceyssens_non-directional_cleaned.tsv
gene-PHIKZ187	phage	gene-PHIKZ187	early	Ceyssens_non-directional_cleaned.tsv
gene-PHIKZ205	phage	gene-PHIKZ205	early	Ceyssens_non-directional_cleaned.tsv
gene-PHIKZ216	phage	gene-PHIKZ216	early	Ceyssens_non-directional_cleaned.tsv
gene-PHIKZ199	phage	gene-PHIKZ199	middle	Ceyssens_non-directional_cleaned.tsv
gene-PHIKZ178	phage	gene-PHIKZ178	early	Ceyssens_non-directional_cleaned.tsv
gene-PHIKZ289	phage	gene-PHIKZ289	middle	Ceyssens_non-directional_cleaned.tsv
gene-PHIKZ072	phage	gene-PHIKZ072	early	Ceyssens_non-directional_cleaned.tsv
gene-PHIKZ006	phage	gene-PHIKZ006	early	Ceyssens_non-directional_cleaned.tsv
gene-PHIKZ_p39	phage	gene-PHIKZ_p39	early	Ceyssens_non-directional_cleaned.tsv
gene-PHIKZ145	phage	gene-PHIKZ145	early	Ceyssens_non-directional_cleaned.tsv
gene-PHIKZ_t07	phage	gene-PHIKZ_t07	middle	Ceyssens_non-directional_cleaned.tsv
gene-PHIKZ095	phage	gene-PHIKZ095	early	Ceyssens_non-directional_cleaned.tsv
gene-PHIKZ221	phage	gene-PHIKZ221	middle	Ceyssens_non-directional_cleaned.tsv
gene-PHIKZ_p49	phage	gene-PHIKZ_p49	early	Ceyssens_non-directional_cleaned.tsv
gene-PHIKZ120	phage	gene-PHIKZ120	middle	Ceyssens_non-directional_cleaned.tsv
gene-PHIKZ_p56	phage	gene-PHIKZ_p56	middle	Ceyssens_non-directional_cleaned.tsv
gene-PHIKZ039	phage	gene-PHIKZ039	middle	Ceyssens_non-directional_cleaned.tsv
gene-PHIKZ030	phage	gene-PHIKZ030	early	Ceyssens_non-directional_cleaned.tsv
gene-PHIKZ295	phage	gene-PHIKZ295	early	Ceyssens_non-directional_cleaned.tsv
gene-PHIKZ062	phage	gene-PHIKZ062	middle	Ceyssens_non-directional_cleaned.tsv
gene-PHIKZ_p31	phage	gene-PHIKZ_p31	middle	Ceyssens_non-directional_cleaned.tsv
gene-PHIKZ180	phage	gene-PHIKZ180	early	Ceyssens_non-directional_cleaned.tsv
gene-PHIKZ151	phage	gene-PHIKZ151	middle	Ceyssens_non-directional_cleaned.tsv
gene-PHIKZ183	phage	gene-PHIKZ183	middle	Ceyssens_non-directional_cleaned.tsv
gene-PHIKZ080	phage	gene-PHIKZ080	middle	Ceyssens_non-directional_cleaned.tsv
gene-PHIKZ297	phage	gene-PHIKZ297	early	Ceyssens_non-directional_cleaned.tsv
gene-PHIKZ212	phage	gene-PHIKZ212	middle	Ceyssens_non-directional_cleaned.tsv
gene-PHIKZ276	phage	gene-PHIKZ276	middle	Ceyssens_non-directional_cleaned.tsv
gene-PHIKZ218	phage	gene-PHIKZ218	middle	Ceyssens_non-directional_cleaned.tsv
gene-PHIKZ279	phage	gene-PHIKZ279	middle	Ceyssens_non-directional_cleaned.tsv
gene-PHIKZ_p47	phage	gene-PHIKZ_p47	middle	Ceyssens_non-directional_cleaned.tsv
gene-PHIKZ_p43	phage	gene-PHIKZ_p43	early	Ceyssens_non-directional_cleaned.tsv
gene-PHIKZ_p73	phage	gene-PHIKZ_p73	middle	Ceyssens_non-directional_cleaned.tsv
gene-PHIKZ147	phage	gene-PHIKZ147	early	Ceyssens_non-directional_cleaned.tsv
gene-PHIKZ_p34	phage	gene-PHIKZ_p34	early	Ceyssens_non-directional_cleaned.tsv
gene-PHIKZ277	phage	gene-PHIKZ277	middle	Ceyssens_non-directional_cleaned.tsv
gene-PHIKZ037	phage	gene-PHIKZ037	middle	Ceyssens_non-directional_cleaned.tsv
gene-PHIKZ155	phage	gene-PHIKZ155	early	Ceyssens_non-directional_cleaned.tsv
gene-PHIKZ_p66	phage	gene-PHIKZ_p66	middle	Ceyssens_non-directional_cleaned.tsv
gene-PHIKZ150	phage	gene-PHIKZ150	early	Ceyssens_non-directional_cleaned.tsv
gene-PHIKZ_p59	phage	gene-PHIKZ_p59	middle	Ceyssens_non-directional_cleaned.tsv
gene-PHIKZ_p81	phage	gene-PHIKZ_p81	early	Ceyssens_non-directional_cleaned.tsv
gene-PHIKZ045	phage	gene-PHIKZ045	middle	Ceyssens_non-directional_cleaned.tsv
gene-PHIKZ_p82	phage	gene-PHIKZ_p82	middle	Ceyssens_non-directional_cleaned.tsv
gene-PHIKZ_p53	phage	gene-PHIKZ_p53	middle	Ceyssens_non-directional_cleaned.tsv
gene-PHIKZ_p33	phage	gene-PHIKZ_p33	middle	Ceyssens_non-directional_cleaned.tsv
gene-PHIKZ166	phage	gene-PHIKZ166	early	Ceyssens_non-directional_cleaned.tsv
gene-PHIKZ041	phage	gene-PHIKZ041	middle	Ceyssens_non-directional_cleaned.tsv
gene-PHIKZ179	phage	gene-PHIKZ179	early	Ceyssens_non-directional_cleaned.tsv
gene-PHIKZ_p15	phage	gene-PHIKZ_p15	early	Ceyssens_non-directional_cleaned.tsv
gene-PHIKZ097	phage	gene-PHIKZ097	early	Ceyssens_non-directional_cleaned.tsv
gene-PHIKZ220	phage	gene-PHIKZ220	early	Ceyssens_non-directional_cleaned.tsv
gene-PHIKZ269	phage	gene-PHIKZ269	early	Ceyssens_non-directional_cleaned.tsv
gene-PHIKZ194	phage	gene-PHIKZ194	early	Ceyssens_non-directional_cleaned.tsv
gene-PHIKZ_p03	phage	gene-PHIKZ_p03	early	Ceyssens_non-directional_cleaned.tsv
gene-PHIKZ243	phage	gene-PHIKZ243	middle	Ceyssens_non-directional_cleaned.tsv
gene-PHIKZ222	phage	gene-PHIKZ222	middle	Ceyssens_non-directional_cleaned.tsv
gene-PHIKZ059	phage	gene-PHIKZ059	middle	Ceyssens_non-directional_cleaned.tsv
gene-PHIKZ_p13	phage	gene-PHIKZ_p13	middle	Ceyssens_non-directional_cleaned.tsv
gene-PHIKZ174	phage	gene-PHIKZ174	middle	Ceyssens_non-directional_cleaned.tsv
gene-PHIKZ054	phage	gene-PHIKZ054	early	Ceyssens_non-directional_cleaned.tsv
gene-PHIKZ170	phage	gene-PHIKZ170	early	Ceyssens_non-directional_cleaned.tsv
gene-PHIKZ237	phage	gene-PHIKZ237	middle	Ceyssens_non-directional_cleaned.tsv
gene-PHIKZ198	phage	gene-PHIKZ198	middle	Ceyssens_non-directional_cleaned.tsv
gene-PHIKZ130	phage	gene-PHIKZ130	middle	Ceyssens_non-directional_cleaned.tsv
gene-PHIKZ148	phage	gene-PHIKZ148	middle	Ceyssens_non-directional_cleaned.tsv
gene-PHIKZ160	phage	gene-PHIKZ160	early	Ceyssens_non-directional_cleaned.tsv
gene-PHIKZ_p89	phage	gene-PHIKZ_p89	middle	Ceyssens_non-directional_cleaned.tsv
gene-PHIKZ153	phage	gene-PHIKZ153	middle	Ceyssens_non-directional_cleaned.tsv
gene-PHIKZ013	phage	gene-PHIKZ013	early	Ceyssens_non-directional_cleaned.tsv
gene-PHIKZ281	phage	gene-PHIKZ281	middle	Ceyssens_non-directional_cleaned.tsv
gene-PHIKZ014	phage	gene-PHIKZ014	early	Ceyssens_non-directional_cleaned.tsv
gene-PHIKZ038	phage	gene-PHIKZ038	middle	Ceyssens_non-directional_cleaned.tsv
gene-PHIKZ139	phage	gene-PHIKZ139	early	Ceyssens_non-directional_cleaned.tsv
gene-PHIKZ_p68	phage	gene-PHIKZ_p68	middle	Ceyssens_non-directional_cleaned.tsv
gene-PHIKZ156	phage	gene-PHIKZ156	middle	Ceyssens_non-directional_cleaned.tsv
gene-PHIKZ197	phage	gene-PHIKZ197	middle	Ceyssens_non-directional_cleaned.tsv
gene-PHIKZ299	phage	gene-PHIKZ299	early	Ceyssens_non-directional_cleaned.tsv
gene-T7p36	phage	gene-T7p36	late	Guegler_T7_minusToxIN_cleaned.tsv
gene-T7p01	phage	gene-T7p01	middle	Guegler_T7_minusToxIN_cleaned.tsv
gene-T7p19	phage	gene-T7p19	late	Guegler_T7_minusToxIN_cleaned.tsv
gene-T7p56	phage	gene-T7p56	early	Guegler_T7_minusToxIN_cleaned.tsv
gene-T7p58	phage	gene-T7p58	early	Guegler_T7_minusToxIN_cleaned.tsv
gene-T7p37	phage	gene-T7p37	late	Guegler_T7_minusToxIN_cleaned.tsv
gene-T7p44	phage	gene-T7p44	early	Guegler_T7_minusToxIN_cleaned.tsv
gene-T7p25	phage	gene-T7p25	late	Guegler_T7_minusToxIN_cleaned.tsv
gene-T7p13	phage	gene-T7p13	early	Guegler_T7_minusToxIN_cleaned.tsv
gene-T7p23	phage	gene-T7p23	late	Guegler_T7_minusToxIN_cleaned.tsv
gene-T7p18	phage	gene-T7p18	early	Guegler_T7_minusToxIN_cleaned.tsv
gene-T7p55	phage	gene-T7p55	early	Guegler_T7_minusToxIN_cleaned.tsv
gene-T7p28	phage	gene-T7p28	late	Guegler_T7_minusToxIN_cleaned.tsv
gene-T7p51	phage	gene-T7p51	early	Guegler_T7_minusToxIN_cleaned.tsv
gene-T7p03	phage	gene-T7p03	middle	Guegler_T7_minusToxIN_cleaned.tsv
gene-T7p35	phage	gene-T7p35	late	Guegler_T7_minusToxIN_cleaned.tsv
gene-T7p07	phage	gene-T7p07	middle	Guegler_T7_minusToxIN_cleaned.tsv
gene-T7p16	phage	gene-T7p16	late	Guegler_T7_minusToxIN_cleaned.tsv
gene-T7p14	phage	gene-T7p14	early	Guegler_T7_minusToxIN_cleaned.tsv
gene-T7p43	phage	gene-T7p43	early	Guegler_T7_minusToxIN_cleaned.tsv
gene-T7p02	phage	gene-T7p02	middle	Guegler_T7_minusToxIN_cleaned.tsv
gene-T7p05	phage	gene-T7p05	middle	Guegler_T7_minusToxIN_cleaned.tsv
gene-T7p50	phage	gene-T7p50	early	Guegler_T7_minusToxIN_cleaned.tsv
gene-T7p48	phage	gene-T7p48	early	Guegler_T7_minusToxIN_cleaned.tsv
gene-T7p24	phage	gene-T7p24	late	Guegler_T7_minusToxIN_cleaned.tsv
gene-T7p10	phage	gene-T7p10	late	Guegler_T7_minusToxIN_cleaned.tsv
gene-T7p34	phage	gene-T7p34	late	Guegler_T7_minusToxIN_cleaned.tsv
gene-T7p40	phage	gene-T7p40	late	Guegler_T7_minusToxIN_cleaned.tsv
gene-T7p17	phage	gene-T7p17	early	Guegler_T7_minusToxIN_cleaned.tsv
gene-T7p39	phage	gene-T7p39	late	Guegler_T7_minusToxIN_cleaned.tsv
gene-T7p52	phage	gene-T7p52	early	Guegler_T7_minusToxIN_cleaned.tsv
gene-T7p09	phage	gene-T7p09	late	Guegler_T7_minusToxIN_cleaned.tsv
gene-T7p32	phage	gene-T7p32	late	Guegler_T7_minusToxIN_cleaned.tsv
gene-T7p53	phage	gene-T7p53	early	Guegler_T7_minusToxIN_cleaned.tsv
gene-T7p45	phage	gene-T7p45	early	Guegler_T7_minusToxIN_cleaned.tsv
gene-T7p29	phage	gene-T7p29	late	Guegler_T7_minusToxIN_cleaned.tsv
gene-T7p26	phage	gene-T7p26	late	Guegler_T7_minusToxIN_cleaned.tsv
gene-T7p15	phage	gene-T7p15	early	Guegler_T7_minusToxIN_cleaned.tsv
gene-T7p42	phage	gene-T7p42	early	Guegler_T7_minusToxIN_cleaned.tsv
gene-T7p59	phage	gene-T7p59	early	Guegler_T7_minusToxIN_cleaned.tsv
gene-T7p06	phage	gene-T7p06	middle	Guegler_T7_minusToxIN_cleaned.tsv
gene-T7p49	phage	gene-T7p49	early	Guegler_T7_minusToxIN_cleaned.tsv
gene-T7p47	phage	gene-T7p47	early	Guegler_T7_minusToxIN_cleaned.tsv
gene-T7p54	phage	gene-T7p54	early	Guegler_T7_minusToxIN_cleaned.tsv
gene-T7p27	phage	gene-T7p27	late	Guegler_T7_minusToxIN_cleaned.tsv
gene-T7p12	phage	gene-T7p12	early	Guegler_T7_minusToxIN_cleaned.tsv
gene-T7p04	phage	gene-T7p04	middle	Guegler_T7_minusToxIN_cleaned.tsv
gene-T7p33	phage	gene-T7p33	late	Guegler_T7_minusToxIN_cleaned.tsv
gene-T7p22	phage	gene-T7p22	late	Guegler_T7_minusToxIN_cleaned.tsv
gene-T7p20	phage	gene-T7p20	early	Guegler_T7_minusToxIN_cleaned.tsv
gene-T7p41	phage	gene-T7p41	late	Guegler_T7_minusToxIN_cleaned.tsv
gene-T7p31	phage	gene-T7p31	late	Guegler_T7_minusToxIN_cleaned.tsv
gene-T7p38	phage	gene-T7p38	late	Guegler_T7_minusToxIN_cleaned.tsv
gene-T7p46	phage	gene-T7p46	early	Guegler_T7_minusToxIN_cleaned.tsv
gene-T7p21	phage	gene-T7p21	late	Guegler_T7_minusToxIN_cleaned.tsv
gene-T7p30	phage	gene-T7p30	late	Guegler_T7_minusToxIN_cleaned.tsv
gene-T7p08	phage	gene-T7p08	late	Guegler_T7_minusToxIN_cleaned.tsv
gene-T7p57	phage	gene-T7p57	early	Guegler_T7_minusToxIN_cleaned.tsv
gene-T7p60	phage	gene-T7p60	early	Guegler_T7_minusToxIN_cleaned.tsv
gene-g068	phage	g068	late	Leskinen_cleaned.tsv
gene-g352	phage	g352	early	Leskinen_cleaned.tsv
gene-g035	phage	g035	early	Leskinen_cleaned.tsv
gene-g247	phage	g247	late	Leskinen_cleaned.tsv
gene-g091	phage	g091	late	Leskinen_cleaned.tsv
gene-g325	phage	g325	late	Leskinen_cleaned.tsv
gene-g152	phage	g152	late	Leskinen_cleaned.tsv
gene-g281	phage	g281	early	Leskinen_cleaned.tsv
gene-g270	phage	g270	late	Leskinen_cleaned.tsv
gene-g153	phage	g153	late	Leskinen_cleaned.tsv
gene-g157	phage	g157	late	Leskinen_cleaned.tsv
gene-g128	phage	g128	late	Leskinen_cleaned.tsv
gene-g033	phage	g033	early	Leskinen_cleaned.tsv
gene-g007	phage	g007	early	Leskinen_cleaned.tsv
gene-g278	phage	g278	late	Leskinen_cleaned.tsv
gene-g026	phage	g026	early	Leskinen_cleaned.tsv
gene-g175	phage	g175	late	Leskinen_cleaned.tsv
gene-g096	phage	g096	late	Leskinen_cleaned.tsv
gene-g241	phage	g241	late	Leskinen_cleaned.tsv
gene-g098	phage	g098	late	Leskinen_cleaned.tsv
gene-g051	phage	g051	late	Leskinen_cleaned.tsv
gene-g008	phage	g008	early	Leskinen_cleaned.tsv
gene-g357	phage	g357	early	Leskinen_cleaned.tsv
gene-g364	phage	g364	early	Leskinen_cleaned.tsv
gene-g341	phage	g341	early	Leskinen_cleaned.tsv
gene-g331	phage	g331	early	Leskinen_cleaned.tsv
gene-g085	phage	g085	early	Leskinen_cleaned.tsv
gene-g195	phage	g195	late	Leskinen_cleaned.tsv
gene-g194	phage	g194	late	Leskinen_cleaned.tsv
gene-g133	phage	g133	late	Leskinen_cleaned.tsv
gene-g315	phage	g315	late	Leskinen_cleaned.tsv
gene-g329	phage	g329	late	Leskinen_cleaned.tsv
gene-g117	phage	g117	late	Leskinen_cleaned.tsv
gene-g146	phage	g146	early	Leskinen_cleaned.tsv
gene-g348	phage	g348	early	Leskinen_cleaned.tsv
gene-g321	phage	g321	middle	Leskinen_cleaned.tsv
gene-g216	phage	g216	middle	Leskinen_cleaned.tsv
gene-g081	phage	g081	late	Leskinen_cleaned.tsv
gene-g022	phage	g022	early	Leskinen_cleaned.tsv
gene-g253	phage	g253	early	Leskinen_cleaned.tsv
gene-g294	phage	g294	late	Leskinen_cleaned.tsv
gene-g318	phage	g318	early	Leskinen_cleaned.tsv
gene-tRNA-Leu (UAA)	phage	tRNA-Leu (UAA)	early	Leskinen_cleaned.tsv
gene-g073	phage	g073	late	Leskinen_cleaned.tsv
gene-g145	phage	g145	late	Leskinen_cleaned.tsv
gene-g188	phage	g188	late	Leskinen_cleaned.tsv
gene-g199	phage	g199	late	Leskinen_cleaned.tsv
gene-g016	phage	g016	early	Leskinen_cleaned.tsv
gene-g360	phage	g360	early	Leskinen_cleaned.tsv
gene-g219	phage	g219	middle	Leskinen_cleaned.tsv
gene-g013	phage	g013	early	Leskinen_cleaned.tsv
gene-g292	phage	g292	late	Leskinen_cleaned.tsv
gene-g223	phage	g223	middle	Leskinen_cleaned.tsv
gene-g003	phage	g003	late	Leskinen_cleaned.tsv
gene-g057	phage	g057	middle	Leskinen_cleaned.tsv
gene-g275	phage	g275	late	Leskinen_cleaned.tsv
gene-g359	phage	g359	early	Leskinen_cleaned.tsv
gene-g181	phage	g181	late	Leskinen_cleaned.tsv
gene-g212	phage	g212	early	Leskinen_cleaned.tsv
gene-g204	phage	g204	late	Leskinen_cleaned.tsv
gene-g059	phage	g059	middle	Leskinen_cleaned.tsv
gene-g317	phage	g317	early	Leskinen_cleaned.tsv
gene-g123	phage	g123	middle	Leskinen_cleaned.tsv
gene-g017	phage	g017	early	Leskinen_cleaned.tsv
gene-g047	phage	g047	late	Leskinen_cleaned.tsv
gene-g147	phage	g147	late	Leskinen_cleaned.tsv
gene-g332	phage	g332	middle	Leskinen_cleaned.tsv
gene-g358	phage	g358	early	Leskinen_cleaned.tsv
gene-g343	phage	g343	early	Leskinen_cleaned.tsv
gene-g167	phage	g167	late	Leskinen_cleaned.tsv
gene-g286	phage	g286	late	Leskinen_cleaned.tsv
gene-g024	phage	g024	early	Leskinen_cleaned.tsv
gene-g284	phage	g284	late	Leskinen_cleaned.tsv
gene-tRNA-Met (CAU)	phage	tRNA-Met (CAU)	late	Leskinen_cleaned.tsv
gene-g305	phage	g305	middle	Leskinen_cleaned.tsv
gene-g326	phage	g326	late	Leskinen_cleaned.tsv
gene-g172	phage	g172	late	Leskinen_cleaned.tsv
gene-g250	phage	g250	late	Leskinen_cleaned.tsv
gene-g076	phage	g076	late	Leskinen_cleaned.tsv
gene-g136	phage	g136	late	Leskinen_cleaned.tsv
gene-g134	phage	g134	late	Leskinen_cleaned.tsv
gene-g103	phage	g103	late	Leskinen_cleaned.tsv
gene-g048	phage	g048	late	Leskinen_cleaned.tsv
gene-g365	phage	g365	late	Leskinen_cleaned.tsv
gene-g002	phage	g002	late	Leskinen_cleaned.tsv
gene-g269	phage	g269	late	Leskinen_cleaned.tsv
gene-g335	phage	g335	late	Leskinen_cleaned.tsv
gene-g037	phage	g037	early	Leskinen_cleaned.tsv
gene-g050	phage	g050	late	Leskinen_cleaned.tsv
gene-g340	phage	g340	early	Leskinen_cleaned.tsv
gene-g244	phage	g244	late	Leskinen_cleaned.tsv
gene-g267	phage	g267	late	Leskinen_cleaned.tsv
gene-g069	phage	g069	late	Leskinen_cleaned.tsv
gene-g012	phage	g012	early	Leskinen_cleaned.tsv
gene-g227	phage	g227	middle	Leskinen_cleaned.tsv
gene-g112	phage	g112	late	Leskinen_cleaned.tsv
gene-g224	phage	g224	late	Leskinen_cleaned.tsv
gene-g115	phage	g115	middle	Leskinen_cleaned.tsv
gene-g274	phage	g274	late	Leskinen_cleaned.tsv
gene-g154	phage	g154	late	Leskinen_cleaned.tsv
gene-g173	phage	g173	early	Leskinen_cleaned.tsv
gene-g330	phage	g330	middle	Leskinen_cleaned.tsv
gene-g297	phage	g297	late	Leskinen_cleaned.tsv
gene-g230	phage	g230	late	Leskinen_cleaned.tsv
gene-g200	phage	g200	early	Leskinen_cleaned.tsv
gene-g257	phage	g257	early	Leskinen_cleaned.tsv
gene-g074	phage	g074	late	Leskinen_cleaned.tsv
gene-g287	phage	g287	late	Leskinen_cleaned.tsv
gene-g203	phage	g203	early	Leskinen_cleaned.tsv
gene-g336	phage	g336	late	Leskinen_cleaned.tsv
gene-g009	phage	g009	early	Leskinen_cleaned.tsv
gene-g277	phage	g277	late	Leskinen_cleaned.tsv
gene-g282	phage	g282	late	Leskinen_cleaned.tsv
gene-g174	phage	g174	late	Leskinen_cleaned.tsv
gene-g191	phage	g191	late	Leskinen_cleaned.tsv
gene-g142	phage	g142	early	Leskinen_cleaned.tsv
gene-g288	phage	g288	early	Leskinen_cleaned.tsv
gene-g189	phage	g189	late	Leskinen_cleaned.tsv
gene-g289	phage	g289	early	Leskinen_cleaned.tsv
gene-g004	phage	g004	late	Leskinen_cleaned.tsv
gene-g184	phage	g184	late	Leskinen_cleaned.tsv
gene-g309	phage	g309	late	Leskinen_cleaned.tsv
gene-g100	phage	g100	late	Leskinen_cleaned.tsv
gene-g082	phage	g082	late	Leskinen_cleaned.tsv
gene-g316	phage	g316	early	Leskinen_cleaned.tsv
gene-g302	phage	g302	late	Leskinen_cleaned.tsv
gene-g367	phage	g367	early	Leskinen_cleaned.tsv
gene-g243	phage	g243	late	Leskinen_cleaned.tsv
gene-g020	phage	g020	early	Leskinen_cleaned.tsv
gene-g021	phage	g021	early	Leskinen_cleaned.tsv
gene-g350	phage	g350	early	Leskinen_cleaned.tsv
gene-g355	phage	g355	early	Leskinen_cleaned.tsv
gene-g018	phage	g018	early	Leskinen_cleaned.tsv
gene-g030	phage	g030	early	Leskinen_cleaned.tsv
gene-g078	phage	g078	early	Leskinen_cleaned.tsv
gene-g214	phage	g214	late	Leskinen_cleaned.tsv
gene-g118	phage	g118	middle	Leskinen_cleaned.tsv
gene-g087	phage	g087	early	Leskinen_cleaned.tsv
gene-g306	phage	g306	late	Leskinen_cleaned.tsv
gene-g193	phage	g193	late	Leskinen_cleaned.tsv
gene-g342	phage	g342	early	Leskinen_cleaned.tsv
gene-g279	phage	g279	early	Leskinen_cleaned.tsv
gene-g179	phage	g179	late	Leskinen_cleaned.tsv
gene-g366	phage	g366	late	Leskinen_cleaned.tsv
gene-g141	phage	g141	late	Leskinen_cleaned.tsv
gene-g312	phage	g312	late	Leskinen_cleaned.tsv
gene-g176	phage	g176	late	Leskinen_cleaned.tsv
gene-g127	phage	g127	middle	Leskinen_cleaned.tsv
gene-g178	phage	g178	late	Leskinen_cleaned.tsv
gene-g101	phage	g101	late	Leskinen_cleaned.tsv
gene-g168	phage	g168	late	Leskinen_cleaned.tsv
gene-g061	phage	g061	late	Leskinen_cleaned.tsv
gene-g353	phage	g353	early	Leskinen_cleaned.tsv
gene-g307	phage	g307	late	Leskinen_cleaned.tsv
gene-g242	phage	g242	late	Leskinen_cleaned.tsv
gene-g238	phage	g238	late	Leskinen_cleaned.tsv
gene-g163	phage	g163	late	Leskinen_cleaned.tsv
gene-g053	phage	g053	late	Leskinen_cleaned.tsv
gene-g285	phage	g285	late	Leskinen_cleaned.tsv
gene-g063	phage	g063	middle	Leskinen_cleaned.tsv
gene-g293	phage	g293	late	Leskinen_cleaned.tsv
gene-g125	phage	g125	middle	Leskinen_cleaned.tsv
gene-g124	phage	g124	early	Leskinen_cleaned.tsv
gene-g346	phage	g346	early	Leskinen_cleaned.tsv
gene-g131	phage	g131	late	Leskinen_cleaned.tsv
gene-g065	phage	g065	late	Leskinen_cleaned.tsv
gene-g052	phage	g052	late	Leskinen_cleaned.tsv
gene-g300	phage	g300	late	Leskinen_cleaned.tsv
gene-g324	phage	g324	late	Leskinen_cleaned.tsv
gene-g043	phage	g043	early	Leskinen_cleaned.tsv
gene-g001	phage	g001	early	Leskinen_cleaned.tsv
gene-g345	phage	g345	early	Leskinen_cleaned.tsv
gene-g225	phage	g225	late	Leskinen_cleaned.tsv
gene-g192	phage	g192	late	Leskinen_cleaned.tsv
gene-g029	phage	g029	early	Leskinen_cleaned.tsv
gene-g092	phage	g092	late	Leskinen_cleaned.tsv
gene-g159	phage	g159	late	Leskinen_cleaned.tsv
gene-g254	phage	g254	early	Leskinen_cleaned.tsv
gene-g220	phage	g220	early	Leskinen_cleaned.tsv
gene-g268	phage	g268	late	Leskinen_cleaned.tsv
gene-g062	phage	g062	late	Leskinen_cleaned.tsv
gene-g185	phage	g185	late	Leskinen_cleaned.tsv
gene-g296	phage	g296	late	Leskinen_cleaned.tsv
gene-g351	phage	g351	early	Leskinen_cleaned.tsv
gene-g151	phage	g151	late	Leskinen_cleaned.tsv
gene-g099	phage	g099	late	Leskinen_cleaned.tsv
gene-g344	phage	g344	middle	Leskinen_cleaned.tsv
gene-g042	phage	g042	early	Leskinen_cleaned.tsv
gene-g107	phage	g107	late	Leskinen_cleaned.tsv
gene-g322	phage	g322	middle	Leskinen_cleaned.tsv
gene-g235	phage	g235	late	Leskinen_cleaned.tsv
gene-g333	phage	g333	early	Leskinen_cleaned.tsv
gene-g156	phage	g156	late	Leskinen_cleaned.tsv
gene-g226	phage	g226	middle	Leskinen_cleaned.tsv
gene-g180	phage	g180	late	Leskinen_cleaned.tsv
gene-g140	phage	g140	early	Leskinen_cleaned.tsv
gene-g093	phage	g093	late	Leskinen_cleaned.tsv
gene-g239	phage	g239	late	Leskinen_cleaned.tsv
gene-g102	phage	g102	late	Leskinen_cleaned.tsv
gene-g308	phage	g308	late	Leskinen_cleaned.tsv
gene-g266	phage	g266	late	Leskinen_cleaned.tsv
gene-g031	phage	g031	early	Leskinen_cleaned.tsv
gene-g135	phage	g135	late	Leskinen_cleaned.tsv
gene-g363	phage	g363	middle	Leskinen_cleaned.tsv
gene-g006	phage	g006	early	Leskinen_cleaned.tsv
gene-g010	phage	g010	early	Leskinen_cleaned.tsv
gene-g095	phage	g095	middle	Leskinen_cleaned.tsv
gene-g083	phage	g083	late	Leskinen_cleaned.tsv
gene-g122	phage	g122	early	Leskinen_cleaned.tsv
gene-g137	phage	g137	early	Leskinen_cleaned.tsv
gene-tRNA-Arg (UCU)	phage	tRNA-Arg (UCU)	late	Leskinen_cleaned.tsv
gene-g213	phage	g213	late	Leskinen_cleaned.tsv
gene-g149	phage	g149	late	Leskinen_cleaned.tsv
gene-g245	phage	g245	late	Leskinen_cleaned.tsv
gene-g108	phage	g108	late	Leskinen_cleaned.tsv
gene-g237	phage	g237	late	Leskinen_cleaned.tsv
gene-g094	phage	g094	late	Leskinen_cleaned.tsv
gene-g327	phage	g327	late	Leskinen_cleaned.tsv
gene-g055	phage	g055	late	Leskinen_cleaned.tsv
gene-g077	phage	g077	early	Leskinen_cleaned.tsv
gene-g339	phage	g339	early	Leskinen_cleaned.tsv
gene-g206	phage	g206	late	Leskinen_cleaned.tsv
gene-g260	phage	g260	early	Leskinen_cleaned.tsv
gene-g218	phage	g218	middle	Leskinen_cleaned.tsv
gene-g120	phage	g120	middle	Leskinen_cleaned.tsv
gene-g232	phage	g232	late	Leskinen_cleaned.tsv
gene-g313	phage	g313	late	Leskinen_cleaned.tsv
gene-g160	phage	g160	late	Leskinen_cleaned.tsv
gene-g354	phage	g354	early	Leskinen_cleaned.tsv
gene-g295	phage	g295	late	Leskinen_cleaned.tsv
gene-g186	phage	g186	late	Leskinen_cleaned.tsv
gene-g236	phage	g236	late	Leskinen_cleaned.tsv
gene-g304	phage	g304	late	Leskinen_cleaned.tsv
gene-g228	phage	g228	late	Leskinen_cleaned.tsv
gene-g075	phage	g075	late	Leskinen_cleaned.tsv
gene-g040	phage	g040	middle	Leskinen_cleaned.tsv
gene-g272	phage	g272	early	Leskinen_cleaned.tsv
gene-g182	phage	g182	late	Leskinen_cleaned.tsv
gene-g221	phage	g221	early	Leskinen_cleaned.tsv
gene-g143	phage	g143	early	Leskinen_cleaned.tsv
gene-g086	phage	g086	late	Leskinen_cleaned.tsv
gene-g161	phage	g161	early	Leskinen_cleaned.tsv
gene-g251	phage	g251	early	Leskinen_cleaned.tsv
gene-g263	phage	g263	late	Leskinen_cleaned.tsv
gene-g291	phage	g291	early	Leskinen_cleaned.tsv
gene-g144	phage	g144	late	Leskinen_cleaned.tsv
gene-g114	phage	g114	middle	Leskinen_cleaned.tsv
gene-g039	phage	g039	early	Leskinen_cleaned.tsv
gene-g164	phage	g164	late	Leskinen_cleaned.tsv
gene-g148	phage	g148	early	Leskinen_cleaned.tsv
gene-g067	phage	g067	late	Leskinen_cleaned.tsv
gene-g090	phage	g090	late	Leskinen_cleaned.tsv
gene-g255	phage	g255	early	Leskinen_cleaned.tsv
gene-g276	phage	g276	early	Leskinen_cleaned.tsv
gene-g080	phage	g080	early	Leskinen_cleaned.tsv
gene-g264	phage	g264	late	Leskinen_cleaned.tsv
gene-g058	phage	g058	middle	Leskinen_cleaned.tsv
gene-g211	phage	g211	early	Leskinen_cleaned.tsv
gene-g233	phage	g233	late	Leskinen_cleaned.tsv
gene-g280	phage	g280	early	Leskinen_cleaned.tsv
gene-g126	phage	g126	middle	Leskinen_cleaned.tsv
gene-g298	phage	g298	late	Leskinen_cleaned.tsv
gene-g089	phage	g089	late	Leskinen_cleaned.tsv
gene-g027	phage	g027	middle	Leskinen_cleaned.tsv
gene-g072	phage	g072	late	Leskinen_cleaned.tsv
gene-g036	phage	g036	early	Leskinen_cleaned.tsv
gene-g054	phage	g054	late	Leskinen_cleaned.tsv
gene-g290	phage	g290	early	Leskinen_cleaned.tsv
gene-g258	phage	g258	early	Leskinen_cleaned.tsv
gene-g196	phage	g196	late	Leskinen_cleaned.tsv
gene-g028	phage	g028	middle	Leskinen_cleaned.tsv
gene-g060	phage	g060	middle	Leskinen_cleaned.tsv
gene-g034	phage	g034	early	Leskinen_cleaned.tsv
gene-g283	phage	g283	middle	Leskinen_cleaned.tsv
gene-g338	phage	g338	late	Leskinen_cleaned.tsv
gene-g209	phage	g209	late	Leskinen_cleaned.tsv
gene-g046	phage	g046	late	Leskinen_cleaned.tsv
gene-g320	phage	g320	middle	Leskinen_cleaned.tsv
gene-g265	phage	g265	late	Leskinen_cleaned.tsv
gene-g070	phage	g070	late	Leskinen_cleaned.tsv
gene-g256	phage	g256	early	Leskinen_cleaned.tsv
gene-g138	phage	g138	early	Leskinen_cleaned.tsv
gene-g019	phage	g019	early	Leskinen_cleaned.tsv
gene-g166	phage	g166	late	Leskinen_cleaned.tsv
gene-g071	phage	g071	late	Leskinen_cleaned.tsv
gene-g328	phage	g328	late	Leskinen_cleaned.tsv
gene-g171	phage	g171	late	Leskinen_cleaned.tsv
gene-g105	phage	g105	late	Leskinen_cleaned.tsv
gene-g110	phage	g110	late	Leskinen_cleaned.tsv
gene-tRNA-Asn (GUU)	phage	tRNA-Asn (GUU)	late	Leskinen_cleaned.tsv
gene-g150	phage	g150	early	Leskinen_cleaned.tsv
gene-g162	phage	g162	early	Leskinen_cleaned.tsv
gene-g084	phage	g084	early	Leskinen_cleaned.tsv
gene-g210	phage	g210	late	Leskinen_cleaned.tsv
gene-g259	phage	g259	early	Leskinen_cleaned.tsv
gene-g011	phage	g011	early	Leskinen_cleaned.tsv
gene-g319	phage	g319	early	Leskinen_cleaned.tsv
gene-g229	phage	g229	late	Leskinen_cleaned.tsv
gene-g356	phage	g356	early	Leskinen_cleaned.tsv
gene-g015	phage	g015	early	Leskinen_cleaned.tsv
gene-g205	phage	g205	early	Leskinen_cleaned.tsv
gene-g041	phage	g041	middle	Leskinen_cleaned.tsv
gene-g202	phage	g202	late	Leskinen_cleaned.tsv
gene-g197	phage	g197	late	Leskinen_cleaned.tsv
gene-g023	phage	g023	early	Leskinen_cleaned.tsv
gene-g208	phage	g208	late	Leskinen_cleaned.tsv
gene-g104	phage	g104	late	Leskinen_cleaned.tsv
gene-g349	phage	g349	early	Leskinen_cleaned.tsv
gene-g044	phage	g044	early	Leskinen_cleaned.tsv
gene-g109	phage	g109	late	Leskinen_cleaned.tsv
gene-g056	phage	g056	late	Leskinen_cleaned.tsv
gene-g246	phage	g246	late	Leskinen_cleaned.tsv
gene-g273	phage	g273	late	Leskinen_cleaned.tsv
gene-g314	phage	g314	late	Leskinen_cleaned.tsv
gene-g005	phage	g005	early	Leskinen_cleaned.tsv
gene-g106	phage	g106	late	Leskinen_cleaned.tsv
gene-g025	phage	g025	early	Leskinen_cleaned.tsv
gene-g064	phage	g064	late	Leskinen_cleaned.tsv
gene-g240	phage	g240	late	Leskinen_cleaned.tsv
gene-g079	phage	g079	early	Leskinen_cleaned.tsv
gene-g130	phage	g130	late	Leskinen_cleaned.tsv
gene-g119	phage	g119	middle	Leskinen_cleaned.tsv
gene-g129	phage	g129	late	Leskinen_cleaned.tsv
gene-g271	phage	g271	late	Leskinen_cleaned.tsv
gene-g155	phage	g155	late	Leskinen_cleaned.tsv
gene-g261	phage	g261	late	Leskinen_cleaned.tsv
gene-g301	phage	g301	early	Leskinen_cleaned.tsv
gene-g310	phage	g310	late	Leskinen_cleaned.tsv
gene-g207	phage	g207	late	Leskinen_cleaned.tsv
gene-g262	phage	g262	middle	Leskinen_cleaned.tsv
gene-g066	phage	g066	late	Leskinen_cleaned.tsv
gene-g187	phage	g187	late	Leskinen_cleaned.tsv
gene-g139	phage	g139	early	Leskinen_cleaned.tsv
gene-tRNA-Leu (UAG)	phage	tRNA-Leu (UAG)	late	Leskinen_cleaned.tsv
gene-g045	phage	g045	middle	Leskinen_cleaned.tsv
gene-g049	phage	g049	late	Leskinen_cleaned.tsv
gene-g038	phage	g038	early	Leskinen_cleaned.tsv
gene-g158	phage	g158	late	Leskinen_cleaned.tsv
gene-g311	phage	g311	late	Leskinen_cleaned.tsv
gene-g121	phage	g121	late	Leskinen_cleaned.tsv
gene-g303	phage	g303	middle	Leskinen_cleaned.tsv
gene-g215	phage	g215	middle	Leskinen_cleaned.tsv
gene-g198	phage	g198	early	Leskinen_cleaned.tsv
gene-g088	phage	g088	late	Leskinen_cleaned.tsv
gene-g183	phage	g183	late	Leskinen_cleaned.tsv
gene-g234	phage	g234	late	Leskinen_cleaned.tsv
gene-g113	phage	g113	late	Leskinen_cleaned.tsv
gene-g169	phage	g169	early	Leskinen_cleaned.tsv
gene-g132	phage	g132	middle	Leskinen_cleaned.tsv
gene-g165	phage	g165	late	Leskinen_cleaned.tsv
gene-g231	phage	g231	late	Leskinen_cleaned.tsv
gene-g014	phage	g014	early	Leskinen_cleaned.tsv
gene-g248	phage	g248	late	Leskinen_cleaned.tsv
gene-g252	phage	g252	early	Leskinen_cleaned.tsv
gene-g201	phage	g201	late	Leskinen_cleaned.tsv
gene-g222	phage	g222	early	Leskinen_cleaned.tsv
gene-g116	phage	g116	late	Leskinen_cleaned.tsv
gene-g111	phage	g111	late	Leskinen_cleaned.tsv
gene-g032	phage	g032	early	Leskinen_cleaned.tsv
gene-g097	phage	g097	late	Leskinen_cleaned.tsv
gene-g170	phage	g170	late	Leskinen_cleaned.tsv
gene-g347	phage	g347	early	Leskinen_cleaned.tsv
gene-g337	phage	g337	late	Leskinen_cleaned.tsv
gene-g190	phage	g190	late	Leskinen_cleaned.tsv
gene-g177	phage	g177	late	Leskinen_cleaned.tsv
gene-g334	phage	g334	late	Leskinen_cleaned.tsv
gene-g361	phage	g361	early	Leskinen_cleaned.tsv
gene-g249	phage	g249	late	Leskinen_cleaned.tsv
gene-g362	phage	g362	early	Leskinen_cleaned.tsv
gene-g323	phage	g323	middle	Leskinen_cleaned.tsv
gene-g217	phage	g217	middle	Leskinen_cleaned.tsv
gene-g299	phage	g299	late	Leskinen_cleaned.tsv
gene-JD032_9	phage	gene-JD032_9	early	Li_cleaned.tsv
gene-JD032_54	phage	gene-JD032_54	late	Li_cleaned.tsv
gene-JD032_25	phage	gene-JD032_25	late	Li_cleaned.tsv
gene-JD032_16	phage	gene-JD032_16	early	Li_cleaned.tsv
gene-JD032_29	phage	gene-JD032_29	late	Li_cleaned.tsv
gene-JD032_24	phage	gene-JD032_24	late	Li_cleaned.tsv
gene-JD032_36	phage	gene-JD032_36	late	Li_cleaned.tsv
gene-JD032_1	phage	gene-JD032_1	late	Li_cleaned.tsv
gene-JD032_41	phage	gene-JD032_41	late	Li_cleaned.tsv
gene-JD032_30	phage	gene-JD032_30	late	Li_cleaned.tsv
gene-JD032_26	phage	gene-JD032_26	late	Li_cleaned.tsv
gene-JD032_17	phage	gene-JD032_17	late	Li_cleaned.tsv
gene-JD032_2	phage	gene-JD032_2	late	Li_cleaned.tsv
gene-JD032_51	phage	gene-JD032_51	late	Li_cleaned.tsv
gene-JD032_15	phage	gene-JD032_15	middle	Li_cleaned.tsv
gene-JD032_10	phage	gene-JD032_10	early	Li_cleaned.tsv
gene-JD032_5	phage	gene-JD032_5	early	Li_cleaned.tsv
gene-JD032_19	phage	gene-JD032_19	late	Li_cleaned.tsv
gene-JD032_31	phage	gene-JD032_31	late	Li_cleaned.tsv
gene-JD032_37	phage	gene-JD032_37	late	Li_cleaned.tsv
gene-JD032_22	phage	gene-JD032_22	late	Li_cleaned.tsv
gene-JD032_33	phage	gene-JD032_33	late	Li_cleaned.tsv
gene-JD032_52	phage	gene-JD032_52	late	Li_cleaned.tsv
gene-JD032_49	phage	gene-JD032_49	late	Li_cleaned.tsv
gene-JD032_44	phage	gene-JD032_44	late	Li_cleaned.tsv
gene-JD032_14	phage	gene-JD032_14	middle	Li_cleaned.tsv
gene-JD032_20	phage	gene-JD032_20	early	Li_cleaned.tsv
gene-JD032_40	phage	gene-JD032_40	late	Li_cleaned.tsv
gene-JD032_42	phage	gene-JD032_42	late	Li_cleaned.tsv
gene-JD032_18	phage	gene-JD032_18	middle	Li_cleaned.tsv
gene-JD032_13	phage	gene-JD032_13	early	Li_cleaned.tsv
gene-JD032_43	phage	gene-JD032_43	late	Li_cleaned.tsv
gene-JD032_6	phage	gene-JD032_6	early	Li_cleaned.tsv
gene-JD032_34	phage	gene-JD032_34	late	Li_cleaned.tsv
gene-JD032_7	phage	gene-JD032_7	early	Li_cleaned.tsv
gene-JD032_48	phage	gene-JD032_48	late	Li_cleaned.tsv
gene-JD032_12	phage	gene-JD032_12	early	Li_cleaned.tsv
gene-JD032_11	phage	gene-JD032_11	early	Li_cleaned.tsv
gene-JD032_53	phage	gene-JD032_53	late	Li_cleaned.tsv
gene-JD032_35	phage	gene-JD032_35	late	Li_cleaned.tsv
gene-JD032_45	phage	gene-JD032_45	late	Li_cleaned.tsv
gene-JD032_4	phage	gene-JD032_4	early	Li_cleaned.tsv
gene-JD032_21	phage	gene-JD032_21	late	Li_cleaned.tsv
gene-JD032_38	phage	gene-JD032_38	late	Li_cleaned.tsv
gene-JD032_8	phage	gene-JD032_8	early	Li_cleaned.tsv
gene-JD032_23	phage	gene-JD032_23	late	Li_cleaned.tsv
gene-JD032_28	phage	gene-JD032_28	late	Li_cleaned.tsv
gene-JD032_46	phage	gene-JD032_46	late	Li_cleaned.tsv
gene-JD032_39	phage	gene-JD032_39	late	Li_cleaned.tsv
gene-JD032_47	phage	gene-JD032_47	late	Li_cleaned.tsv
gene-JD032_27	phage	gene-JD032_27	late	Li_cleaned.tsv
gene-JD032_50	phage	gene-JD032_50	late	Li_cleaned.tsv
gene-JD032_32	phage	gene-JD032_32	late	Li_cleaned.tsv
gene-JD032_3	phage	gene-JD032_3	late	Li_cleaned.tsv
gene-VPVV882_gp48	phage	gene-VPVV882_gp48	early	Sprenger_VC_delta_tdh_VP882_WT_cleaned.tsv
gene-VPVV882_gp56	phage	gene-VPVV882_gp56	middle	Sprenger_VC_delta_tdh_VP882_WT_cleaned.tsv
gene-VPVV882_gp37	phage	gene-VPVV882_gp37	early	Sprenger_VC_delta_tdh_VP882_WT_cleaned.tsv
gene-VPVV882_gp42	phage	gene-VPVV882_gp42	late	Sprenger_VC_delta_tdh_VP882_WT_cleaned.tsv
gene-VPVV882_gp27	phage	gene-VPVV882_gp27	late	Sprenger_VC_delta_tdh_VP882_WT_cleaned.tsv
gene-VPVV882_gp52	phage	gene-VPVV882_gp52	middle	Sprenger_VC_delta_tdh_VP882_WT_cleaned.tsv
gene-VPVV882_gp35	phage	D	early	Sprenger_VC_delta_tdh_VP882_WT_cleaned.tsv
gene-VPVV882_gp63	phage	gene-VPVV882_gp63	middle	Sprenger_VC_delta_tdh_VP882_WT_cleaned.tsv
gene-VPVV882_gp55	phage	gene-VPVV882_gp55	middle	Sprenger_VC_delta_tdh_VP882_WT_cleaned.tsv
gene-VPVV882_gp50	phage	gene-VPVV882_gp50	middle	Sprenger_VC_delta_tdh_VP882_WT_cleaned.tsv
gene-VPVV882_gp01	phage	gene-VPVV882_gp01	late	Sprenger_VC_delta_tdh_VP882_WT_cleaned.tsv
gene-VPVV882_gp58	phage	gene-VPVV882_gp58	middle	Sprenger_VC_delta_tdh_VP882_WT_cleaned.tsv
gene-VPVV882_gp43	phage	gene-VPVV882_gp43	early	Sprenger_VC_delta_tdh_VP882_WT_cleaned.tsv
gene-VPVV882_gp23	phage	gene-VPVV882_gp23	early	Sprenger_VC_delta_tdh_VP882_WT_cleaned.tsv
gene-VPVV882_gp15	phage	gene-VPVV882_gp15	late	Sprenger_VC_delta_tdh_VP882_WT_cleaned.tsv
gene-VPVV882_gp19	phage	J	late	Sprenger_VC_delta_tdh_VP882_WT_cleaned.tsv
gene-VPVV882_gp32	phage	gene-VPVV882_gp32	early	Sprenger_VC_delta_tdh_VP882_WT_cleaned.tsv
gene-VPVV882_gp57	phage	gene-VPVV882_gp57	middle	Sprenger_VC_delta_tdh_VP882_WT_cleaned.tsv
gene-VPVV882_gp20	phage	gene-VPVV882_gp20	early	Sprenger_VC_delta_tdh_VP882_WT_cleaned.tsv
gene-VPVV882_gp61	phage	gene-VPVV882_gp61	middle	Sprenger_VC_delta_tdh_VP882_WT_cleaned.tsv
gene-VPVV882_gp16	phage	gene-VPVV882_gp16	late	Sprenger_VC_delta_tdh_VP882_WT_cleaned.tsv
gene-VPVV882_gp38	phage	gene-VPVV882_gp38	late	Sprenger_VC_delta_tdh_VP882_WT_cleaned.tsv
gene-VPVV882_gp68	phage	gene-VPVV882_gp68	middle	Sprenger_VC_delta_tdh_VP882_WT_cleaned.tsv
gene-VPVV882_gp44	phage	gene-VPVV882_gp44	early	Sprenger_VC_delta_tdh_VP882_WT_cleaned.tsv
gene-VPVV882_gp21	phage	gene-VPVV882_gp21	late	Sprenger_VC_delta_tdh_VP882_WT_cleaned.tsv
gene-VPVV882_gp41	phage	gene-VPVV882_gp41	early	Sprenger_VC_delta_tdh_VP882_WT_cleaned.tsv
gene-VPVV882_gp24	phage	gene-VPVV882_gp24	late	Sprenger_VC_delta_tdh_VP882_WT_cleaned.tsv
gene-VPVV882_gp28	phage	FI	late	Sprenger_VC_delta_tdh_VP882_WT_cleaned.tsv
gene-VPVV882_gp69	phage	gene-VPVV882_gp69	late	Sprenger_VC_delta_tdh_VP882_WT_cleaned.tsv
gene-VPVV882_gp45	phage	gene-VPVV882_gp45	early	Sprenger_VC_delta_tdh_VP882_WT_cleaned.tsv
gene-VPVV882_gp05	phage	gene-VPVV882_gp05	late	Sprenger_VC_delta_tdh_VP882_WT_cleaned.tsv
gene-VPVV882_gp66	phage	gene-VPVV882_gp66	middle	Sprenger_VC_delta_tdh_VP882_WT_cleaned.tsv
gene-VPVV882_gp04	phage	gene-VPVV882_gp04	late	Sprenger_VC_delta_tdh_VP882_WT_cleaned.tsv
gene-VPVV882_gp65	phage	gene-VPVV882_gp65	middle	Sprenger_VC_delta_tdh_VP882_WT_cleaned.tsv
gene-VPVV882_gp54	phage	gene-VPVV882_gp54	middle	Sprenger_VC_delta_tdh_VP882_WT_cleaned.tsv
gene-VPVV882_gp53	phage	gene-VPVV882_gp53	middle	Sprenger_VC_delta_tdh_VP882_WT_cleaned.tsv
gene-VPVV882_gp18	phage	gene-VPVV882_gp18	late	Sprenger_VC_delta_tdh_VP882_WT_cleaned.tsv
gene-VPVV882_gp36	phage	gene-VPVV882_gp36	middle	Sprenger_VC_delta_tdh_VP882_WT_cleaned.tsv
gene-VPVV882_gp40	phage	gene-VPVV882_gp40	early	Sprenger_VC_delta_tdh_VP882_WT_cleaned.tsv
gene-VPVV882_gp67	phage	gene-VPVV882_gp67	middle	Sprenger_VC_delta_tdh_VP882_WT_cleaned.tsv
gene-VPVV882_gp25	phage	gene-VPVV882_gp25	late	Sprenger_VC_delta_tdh_VP882_WT_cleaned.tsv
gene-VPVV882_gp09	phage	gene-VPVV882_gp09	late	Sprenger_VC_delta_tdh_VP882_WT_cleaned.tsv
gene-VPVV882_gp30	phage	gene-VPVV882_gp30	early	Sprenger_VC_delta_tdh_VP882_WT_cleaned.tsv
gene-VPVV882_gp62	phage	gene-VPVV882_gp62	middle	Sprenger_VC_delta_tdh_VP882_WT_cleaned.tsv
gene-VPVV882_gp60	phage	gene-VPVV882_gp60	middle	Sprenger_VC_delta_tdh_VP882_WT_cleaned.tsv
gene-VPVV882_gp03	phage	gene-VPVV882_gp03	late	Sprenger_VC_delta_tdh_VP882_WT_cleaned.tsv
gene-VPVV882_gp26	phage	gene-VPVV882_gp26	late	Sprenger_VC_delta_tdh_VP882_WT_cleaned.tsv
gene-VPVV882_gp14	phage	gene-VPVV882_gp14	early	Sprenger_VC_delta_tdh_VP882_WT_cleaned.tsv
gene-VPVV882_gp31	phage	gene-VPVV882_gp31	early	Sprenger_VC_delta_tdh_VP882_WT_cleaned.tsv
gene-VPVV882_gp39	phage	gene-VPVV882_gp39	late	Sprenger_VC_delta_tdh_VP882_WT_cleaned.tsv
gene-VPVV882_gp70	phage	gene-VPVV882_gp70	late	Sprenger_VC_delta_tdh_VP882_WT_cleaned.tsv
gene-VPVV882_gp46	phage	gene-VPVV882_gp46	early	Sprenger_VC_delta_tdh_VP882_WT_cleaned.tsv
gene-VPVV882_gp47	phage	gene-VPVV882_gp47	early	Sprenger_VC_delta_tdh_VP882_WT_cleaned.tsv
gene-VPVV882_gp13	phage	gene-VPVV882_gp13	late	Sprenger_VC_delta_tdh_VP882_WT_cleaned.tsv
gene-VPVV882_gp10	phage	gene-VPVV882_gp10	late	Sprenger_VC_delta_tdh_VP882_WT_cleaned.tsv
gene-VPVV882_gp34	phage	gene-VPVV882_gp34	early	Sprenger_VC_delta_tdh_VP882_WT_cleaned.tsv
gene-VPVV882_gp71	phage	gene-VPVV882_gp71	late	Sprenger_VC_delta_tdh_VP882_WT_cleaned.tsv
gene-VPVV882_gp06	phage	gene-VPVV882_gp06	early	Sprenger_VC_delta_tdh_VP882_WT_cleaned.tsv
gene-VPVV882_gp22	phage	gene-VPVV882_gp22	early	Sprenger_VC_delta_tdh_VP882_WT_cleaned.tsv
gene-VPVV882_gp49	phage	gene-VPVV882_gp49	late	Sprenger_VC_delta_tdh_VP882_WT_cleaned.tsv
gene-VPVV882_gp02	phage	gene-VPVV882_gp02	late	Sprenger_VC_delta_tdh_VP882_WT_cleaned.tsv
gene-VPVV882_gp12	phage	gene-VPVV882_gp12	late	Sprenger_VC_delta_tdh_VP882_WT_cleaned.tsv
gene-VPVV882_gp07	phage	gene-VPVV882_gp07	late	Sprenger_VC_delta_tdh_VP882_WT_cleaned.tsv
gene-VPVV882_gp11	phage	gene-VPVV882_gp11	late	Sprenger_VC_delta_tdh_VP882_WT_cleaned.tsv
gene-VPVV882_gp33	phage	gene-VPVV882_gp33	early	Sprenger_VC_delta_tdh_VP882_WT_cleaned.tsv
gene-VPVV882_gp51	phage	gene-VPVV882_gp51	middle	Sprenger_VC_delta_tdh_VP882_WT_cleaned.tsv
gene-VPVV882_gp29	phage	gene-VPVV882_gp29	early	Sprenger_VC_delta_tdh_VP882_WT_cleaned.tsv
gene-VPVV882_gp64	phage	gene-VPVV882_gp64	middle	Sprenger_VC_delta_tdh_VP882_WT_cleaned.tsv
gene-VPVV882_gp17	phage	gene-VPVV882_gp17	early	Sprenger_VC_delta_tdh_VP882_WT_cleaned.tsv
gene-VPVV882_gp08	phage	gene-VPVV882_gp08	late	Sprenger_VC_delta_tdh_VP882_WT_cleaned.tsv
gene-VPVV882_gp59	phage	gene-VPVV882_gp59	middle	Sprenger_VC_delta_tdh_VP882_WT_cleaned.tsv
gene-T4p055	phage	46.1	middle	Wolfram-Schauerte_cleaned.tsv
gene-T4p242	phage	frd.3	early	Wolfram-Schauerte_cleaned.tsv
gene-T4p262	phage	motA	early	Wolfram-Schauerte_cleaned.tsv
gene-T4p041	phage	uvsX	middle	Wolfram-Schauerte_cleaned.tsv
gene-T4p021	phage	modB	early	Wolfram-Schauerte_cleaned.tsv
gene-T4p212	phage	30.9	middle	Wolfram-Schauerte_cleaned.tsv
gene-T4p079	phage	49	middle	Wolfram-Schauerte_cleaned.tsv
gene-T4p114	phage	vs.3	middle	Wolfram-Schauerte_cleaned.tsv
gene-T4p058	phage	47.1	middle	Wolfram-Schauerte_cleaned.tsv
gene-T4p140	phage	3	early	Wolfram-Schauerte_cleaned.tsv
gene-T4p250	phage	35	early	Wolfram-Schauerte_cleaned.tsv
gene-T4p026	phage	mrh	middle	Wolfram-Schauerte_cleaned.tsv
gene-T4p191	phage	51	early	Wolfram-Schauerte_cleaned.tsv
gene-T4p205	phage	30.3	middle	Wolfram-Schauerte_cleaned.tsv
gene-T4p224	phage	pseT.1	middle	Wolfram-Schauerte_cleaned.tsv
gene-T4p270	phage	ndd.2	early	Wolfram-Schauerte_cleaned.tsv
gene-T4p082	phage	49.2	middle	Wolfram-Schauerte_cleaned.tsv
gene-T4p267	phage	stp	middle	Wolfram-Schauerte_cleaned.tsv
gene-T4p177	phage	24	early	Wolfram-Schauerte_cleaned.tsv
gene-T4p022	phage	modA.2	middle	Wolfram-Schauerte_cleaned.tsv
gene-T4p027	phage	mrh.1	middle	Wolfram-Schauerte_cleaned.tsv
gene-T4p002	phage	rIIA.1	middle	Wolfram-Schauerte_cleaned.tsv
gene-T4p228	phage	gene-T4p228_gene_rnlA	middle	Wolfram-Schauerte_cleaned.tsv
gene-T4p081	phage	49.1	middle	Wolfram-Schauerte_cleaned.tsv
gene-T4p037	phage	61.4	early	Wolfram-Schauerte_cleaned.tsv
gene-T4p091	phage	nrdC.7	middle	Wolfram-Schauerte_cleaned.tsv
gene-T4p256	phage	asiA.1	middle	Wolfram-Schauerte_cleaned.tsv
gene-T4p009	phage	goF	middle	Wolfram-Schauerte_cleaned.tsv
gene-T4p017	phage	dda	middle	Wolfram-Schauerte_cleaned.tsv
gene-T4p229	phage	denA	middle	Wolfram-Schauerte_cleaned.tsv
gene-T4p207	phage	30.4	middle	Wolfram-Schauerte_cleaned.tsv
gene-T4p163	phage	17	early	Wolfram-Schauerte_cleaned.tsv
gene-T4p057	phage	47	middle	Wolfram-Schauerte_cleaned.tsv
gene-T4p072	phage	nrdH	middle	Wolfram-Schauerte_cleaned.tsv
gene-T4p016	phage	dexA.2	middle	Wolfram-Schauerte_cleaned.tsv
gene-T4p189	phage	26	early	Wolfram-Schauerte_cleaned.tsv
gene-T4p172	phage	21	early	Wolfram-Schauerte_cleaned.tsv
gene-T4p141	phage	2	early	Wolfram-Schauerte_cleaned.tsv
gene-T4p054	phage	46	middle	Wolfram-Schauerte_cleaned.tsv
gene-T4p164	phage	gene-T4p164_gene_17	early	Wolfram-Schauerte_cleaned.tsv
gene-T4p176	phage	segD	early	Wolfram-Schauerte_cleaned.tsv
gene-T4t003	phage	gene-T4t003	middle	Wolfram-Schauerte_cleaned.tsv
gene-T4p025	phage	srh	middle	Wolfram-Schauerte_cleaned.tsv
gene-T4t005	phage	gene-T4t005	middle	Wolfram-Schauerte_cleaned.tsv
gene-T4p184	phage	uvsW	early	Wolfram-Schauerte_cleaned.tsv
gene-T4p152	phage	7	early	Wolfram-Schauerte_cleaned.tsv
gene-T4p240	phage	frd.1	early	Wolfram-Schauerte_cleaned.tsv
gene-T4p183	phage	segE	early	Wolfram-Schauerte_cleaned.tsv
gene-T4p216	phage	31.2	middle	Wolfram-Schauerte_cleaned.tsv
gene-T4p211	phage	30.8	early	Wolfram-Schauerte_cleaned.tsv
gene-T4p045	phage	imm	early	Wolfram-Schauerte_cleaned.tsv
gene-T4p248	phage	rnh	middle	Wolfram-Schauerte_cleaned.tsv
gene-T4p195	phage	48	early	Wolfram-Schauerte_cleaned.tsv
gene-T4p258	phage	arn.1	middle	Wolfram-Schauerte_cleaned.tsv
gene-T4p113	phage	regB	middle	Wolfram-Schauerte_cleaned.tsv
gene-T4p075	phage	mobC	middle	Wolfram-Schauerte_cleaned.tsv
gene-T4p274	phage	ndd.5	early	Wolfram-Schauerte_cleaned.tsv
gene-T4p038	phage	dmd	early	Wolfram-Schauerte_cleaned.tsv
gene-T4p118	phage	vs.7	middle	Wolfram-Schauerte_cleaned.tsv
gene-T4p007	phage	39.1	middle	Wolfram-Schauerte_cleaned.tsv
gene-T4s001	phage	gene-T4s001	middle	Wolfram-Schauerte_cleaned.tsv
gene-T4p159	phage	13	early	Wolfram-Schauerte_cleaned.tsv
gene-T4p137	phage	57B	middle	Wolfram-Schauerte_cleaned.tsv
gene-T4p268	phage	ndd	middle	Wolfram-Schauerte_cleaned.tsv
gene-T4p115	phage	vs.4	middle	Wolfram-Schauerte_cleaned.tsv
gene-T4p170	phage	67	early	Wolfram-Schauerte_cleaned.tsv
gene-T4t004	phage	gene-T4t004	middle	Wolfram-Schauerte_cleaned.tsv
gene-T4p098	phage	mobD.2	early	Wolfram-Schauerte_cleaned.tsv
gene-T4p173	phage	gene-T4p173_gene_21	early	Wolfram-Schauerte_cleaned.tsv
gene-T4p030	phage	segF	middle	Wolfram-Schauerte_cleaned.tsv
gene-T4p263	phage	motA.1	middle	Wolfram-Schauerte_cleaned.tsv
gene-T4p174	phage	22	early	Wolfram-Schauerte_cleaned.tsv
gene-T4p272	phage	ndd.3	early	Wolfram-Schauerte_cleaned.tsv
gene-T4p255	phage	asiA	early	Wolfram-Schauerte_cleaned.tsv
gene-T4p171	phage	68	early	Wolfram-Schauerte_cleaned.tsv
gene-T4p032	phage	gene-T4p032_gene_dam	middle	Wolfram-Schauerte_cleaned.tsv
gene-T4p101	phage	mobD.4	early	Wolfram-Schauerte_cleaned.tsv
gene-T4p059	phage	a-gt	middle	Wolfram-Schauerte_cleaned.tsv
gene-T4p122	phage	ipIII	middle	Wolfram-Schauerte_cleaned.tsv
gene-T4p076	phage	gene-T4p076_gene_nrdD	middle	Wolfram-Schauerte_cleaned.tsv
gene-T4p089	phage	nrdC.5	middle	Wolfram-Schauerte_cleaned.tsv
gene-T4p090	phage	nrdC.6	middle	Wolfram-Schauerte_cleaned.tsv
gene-T4p253	phage	38	early	Wolfram-Schauerte_cleaned.tsv
gene-T4p110	phage	tk.4	middle	Wolfram-Schauerte_cleaned.tsv
gene-T4p111	phage	vs	middle	Wolfram-Schauerte_cleaned.tsv
gene-T4p202	phage	30	middle	Wolfram-Schauerte_cleaned.tsv
gene-T4p147	phage	5.1	early	Wolfram-Schauerte_cleaned.tsv
gene-T4p068	phage	55.3	middle	Wolfram-Schauerte_cleaned.tsv
gene-T4p100	phage	mobD.3	early	Wolfram-Schauerte_cleaned.tsv
gene-T4p135	phage	trna.4	early	Wolfram-Schauerte_cleaned.tsv
gene-T4p198	phage	alt.-2	middle	Wolfram-Schauerte_cleaned.tsv
gene-T4p047	phage	43	middle	Wolfram-Schauerte_cleaned.tsv
gene-T4p142	phage	4	early	Wolfram-Schauerte_cleaned.tsv
gene-T4p004	phage	60.1	middle	Wolfram-Schauerte_cleaned.tsv
gene-T4p231	phage	I-TevIII	middle	Wolfram-Schauerte_cleaned.tsv
gene-T4p251	phage	36	early	Wolfram-Schauerte_cleaned.tsv
gene-T4p042	phage	segA	middle	Wolfram-Schauerte_cleaned.tsv
gene-T4p222	phage	cd.5	middle	Wolfram-Schauerte_cleaned.tsv
gene-T4p060	phage	mobB	middle	Wolfram-Schauerte_cleaned.tsv
gene-T4p019	phage	srd	middle	Wolfram-Schauerte_cleaned.tsv
gene-T4p020	phage	modA	middle	Wolfram-Schauerte_cleaned.tsv
gene-T4p260	phage	arn.3	middle	Wolfram-Schauerte_cleaned.tsv
gene-T4p166	phage	gene-T4p166_gene_17	early	Wolfram-Schauerte_cleaned.tsv
gene-T4p011	phage	gene-T4p011_gene_motB	middle	Wolfram-Schauerte_cleaned.tsv
gene-T4p150	phage	5.4	early	Wolfram-Schauerte_cleaned.tsv
gene-T4p158	phage	wac	early	Wolfram-Schauerte_cleaned.tsv
gene-T4p103	phage	rI.-1	middle	Wolfram-Schauerte_cleaned.tsv
gene-T4p149	phage	5.3	early	Wolfram-Schauerte_cleaned.tsv
gene-T4p010	phage	cef	early	Wolfram-Schauerte_cleaned.tsv
gene-T4p219	phage	cd.2	middle	Wolfram-Schauerte_cleaned.tsv
gene-T4p099	phage	mobD.2a	middle	Wolfram-Schauerte_cleaned.tsv
gene-T4p151	phage	6	early	Wolfram-Schauerte_cleaned.tsv
gene-T4p039	phage	41	middle	Wolfram-Schauerte_cleaned.tsv
gene-T4p040	phage	40	middle	Wolfram-Schauerte_cleaned.tsv
gene-T4p226	phage	pseT.3	middle	Wolfram-Schauerte_cleaned.tsv
gene-T4p264	phage	52	middle	Wolfram-Schauerte_cleaned.tsv
gene-T4p132	phage	segB	middle	Wolfram-Schauerte_cleaned.tsv
gene-T4p168	phage	19	early	Wolfram-Schauerte_cleaned.tsv
gene-T4p008	phage	39.2	middle	Wolfram-Schauerte_cleaned.tsv
gene-T4p244	phage	SegG	middle	Wolfram-Schauerte_cleaned.tsv
gene-T4p223	phage	pseT	middle	Wolfram-Schauerte_cleaned.tsv
gene-T4p200	phage	alt	middle	Wolfram-Schauerte_cleaned.tsv
gene-T4p162	phage	16	early	Wolfram-Schauerte_cleaned.tsv
gene-T4p246	phage	33	middle	Wolfram-Schauerte_cleaned.tsv
gene-T4p190	phage	26'	early	Wolfram-Schauerte_cleaned.tsv
gene-T4p273	phage	ndd.4	early	Wolfram-Schauerte_cleaned.tsv
gene-T4p005	phage	gene-T4p005_gene_mobA	middle	Wolfram-Schauerte_cleaned.tsv
gene-T4p108	phage	tk.2	middle	Wolfram-Schauerte_cleaned.tsv
gene-T4p048	phage	regA	middle	Wolfram-Schauerte_cleaned.tsv
gene-T4p144	phage	5	early	Wolfram-Schauerte_cleaned.tsv
gene-T4p112	phage	vs.1	middle	Wolfram-Schauerte_cleaned.tsv
gene-T4p214	phage	31	middle	Wolfram-Schauerte_cleaned.tsv
gene-T4p227	phage	alc	middle	Wolfram-Schauerte_cleaned.tsv
gene-T4p119	phage	vs.8	middle	Wolfram-Schauerte_cleaned.tsv
gene-T4p097	phage	mobD.1	middle	Wolfram-Schauerte_cleaned.tsv
gene-T4p062	phage	a-gt.3	middle	Wolfram-Schauerte_cleaned.tsv
gene-T4p208	phage	30.5	middle	Wolfram-Schauerte_cleaned.tsv
gene-T4t006	phage	gene-T4t006	middle	Wolfram-Schauerte_cleaned.tsv
gene-T4p125	phage	e.2	middle	Wolfram-Schauerte_cleaned.tsv
gene-T4t007	phage	gene-T4t007	middle	Wolfram-Schauerte_cleaned.tsv
gene-T4p043	phage	b-gt	middle	Wolfram-Schauerte_cleaned.tsv
gene-T4p217	phage	cd	middle	Wolfram-Schauerte_cleaned.tsv
gene-T4p130	phage	e.7	early	Wolfram-Schauerte_cleaned.tsv
gene-T4p181	phage	hoc	early	Wolfram-Schauerte_cleaned.tsv
gene-T4p187	phage	uvsY	middle	Wolfram-Schauerte_cleaned.tsv
gene-T4p182	phage	inh	early	Wolfram-Schauerte_cleaned.tsv
gene-T4p197	phage	alt.-3	early	Wolfram-Schauerte_cleaned.tsv
gene-T4p238	phage	I-TevI	middle	Wolfram-Schauerte_cleaned.tsv
gene-T4p053	phage	45.2	middle	Wolfram-Schauerte_cleaned.tsv
gene-T4p210	phage	30.7	early	Wolfram-Schauerte_cleaned.tsv
gene-T4p188	phage	25	early	Wolfram-Schauerte_cleaned.tsv
gene-T4p092	phage	nrdC.8	early	Wolfram-Schauerte_cleaned.tsv
gene-T4p028	phage	mrh.2	middle	Wolfram-Schauerte_cleaned.tsv
gene-T4p196	phage	54	early	Wolfram-Schauerte_cleaned.tsv
gene-T4p160	phage	14	early	Wolfram-Schauerte_cleaned.tsv
gene-T4p245	phage	59	middle	Wolfram-Schauerte_cleaned.tsv
gene-T4p252	phage	37	early	Wolfram-Schauerte_cleaned.tsv
gene-T4p178	phage	gene-T4p178_gene_rnlB	middle	Wolfram-Schauerte_cleaned.tsv
gene-T4p232	phage	nrdB.1	middle	Wolfram-Schauerte_cleaned.tsv
gene-T4p206	phage	30.3'	middle	Wolfram-Schauerte_cleaned.tsv
gene-T4p269	phage	ndd.1	middle	Wolfram-Schauerte_cleaned.tsv
gene-T4p083	phage	49.3	middle	Wolfram-Schauerte_cleaned.tsv
gene-T4p104	phage	rI	middle	Wolfram-Schauerte_cleaned.tsv
gene-T4p136	phage	ipI	early	Wolfram-Schauerte_cleaned.tsv
gene-T4p024	phage	modA.4	middle	Wolfram-Schauerte_cleaned.tsv
gene-T4p077	phage	I-TevII	middle	Wolfram-Schauerte_cleaned.tsv
gene-T4p145	phage	repEB	early	Wolfram-Schauerte_cleaned.tsv
gene-T4p051	phage	45	middle	Wolfram-Schauerte_cleaned.tsv
gene-T4p218	phage	cd.1	middle	Wolfram-Schauerte_cleaned.tsv
gene-T4p156	phage	11	early	Wolfram-Schauerte_cleaned.tsv
gene-T4p278	phage	rIIB	middle	Wolfram-Schauerte_cleaned.tsv
gene-T4p241	phage	frd.2	early	Wolfram-Schauerte_cleaned.tsv
gene-T4p003	phage	60	middle	Wolfram-Schauerte_cleaned.tsv
gene-T4p109	phage	tk.3	middle	Wolfram-Schauerte_cleaned.tsv
gene-T4p106	phage	tk	middle	Wolfram-Schauerte_cleaned.tsv
gene-T4p155	phage	10	early	Wolfram-Schauerte_cleaned.tsv
gene-T4p069	phage	55.4	middle	Wolfram-Schauerte_cleaned.tsv
gene-T4p225	phage	pseT.2	middle	Wolfram-Schauerte_cleaned.tsv
gene-T4p031	phage	56	middle	Wolfram-Schauerte_cleaned.tsv
gene-T4p124	phage	nudE	middle	Wolfram-Schauerte_cleaned.tsv
gene-T4p033	phage	61	middle	Wolfram-Schauerte_cleaned.tsv
gene-T4p128	phage	e.5	middle	Wolfram-Schauerte_cleaned.tsv
gene-T4p094	phage	nrdC.10	early	Wolfram-Schauerte_cleaned.tsv
gene-T4t001	phage	gene-T4t001	middle	Wolfram-Schauerte_cleaned.tsv
gene-T4p175	phage	23	early	Wolfram-Schauerte_cleaned.tsv
gene-T4p073	phage	55.8	middle	Wolfram-Schauerte_cleaned.tsv
gene-T4p276	phage	denB	middle	Wolfram-Schauerte_cleaned.tsv
gene-T4p127	phage	e.4	middle	Wolfram-Schauerte_cleaned.tsv
gene-T4p233	phage	mobE	middle	Wolfram-Schauerte_cleaned.tsv
gene-T4p277	phage	denB.1	middle	Wolfram-Schauerte_cleaned.tsv
gene-T4p129	phage	e.6	middle	Wolfram-Schauerte_cleaned.tsv
gene-T4p102	phage	mobD.5	early	Wolfram-Schauerte_cleaned.tsv
gene-T4p220	phage	cd.3	middle	Wolfram-Schauerte_cleaned.tsv
gene-T4p249	phage	34	early	Wolfram-Schauerte_cleaned.tsv
gene-T4p179	phage	24.2	middle	Wolfram-Schauerte_cleaned.tsv
gene-T4p157	phage	12	early	Wolfram-Schauerte_cleaned.tsv
gene-T4p095	phage	nrdC.11	middle	Wolfram-Schauerte_cleaned.tsv
gene-T4p096	phage	mobD	middle	Wolfram-Schauerte_cleaned.tsv
gene-T4p213	phage	rIII	middle	Wolfram-Schauerte_cleaned.tsv
gene-T4p186	phage	uvsY.-1	middle	Wolfram-Schauerte_cleaned.tsv
gene-T4p192	phage	27	early	Wolfram-Schauerte_cleaned.tsv
gene-T4p243	phage	32	middle	Wolfram-Schauerte_cleaned.tsv
gene-T4p088	phage	nrdC.4	middle	Wolfram-Schauerte_cleaned.tsv
gene-T4p203	phage	30.1	middle	Wolfram-Schauerte_cleaned.tsv
gene-T4p014	phage	dexA	middle	Wolfram-Schauerte_cleaned.tsv
gene-T4p138	phage	57A	middle	Wolfram-Schauerte_cleaned.tsv
gene-T4p023	phage	modA.3	middle	Wolfram-Schauerte_cleaned.tsv
gene-T4p120	phage	denV	early	Wolfram-Schauerte_cleaned.tsv
gene-T4p275	phage	ndd.6	early	Wolfram-Schauerte_cleaned.tsv
gene-T4p201	phage	alt.1	middle	Wolfram-Schauerte_cleaned.tsv
gene-T4p066	phage	55.1	middle	Wolfram-Schauerte_cleaned.tsv
gene-T4p148	phage	segC	early	Wolfram-Schauerte_cleaned.tsv
gene-T4p074	phage	gene-T4p074_gene_nrdG	middle	Wolfram-Schauerte_cleaned.tsv
gene-T4p087	phage	nrdC.3	middle	Wolfram-Schauerte_cleaned.tsv
gene-T4p107	phage	tk.1	middle	Wolfram-Schauerte_cleaned.tsv
gene-T4p165	phage	gene-T4p165_gene_17	early	Wolfram-Schauerte_cleaned.tsv
gene-T4s002	phage	gene-T4s002	middle	Wolfram-Schauerte_cleaned.tsv
gene-T4p006	phage	39	middle	Wolfram-Schauerte_cleaned.tsv
gene-T4p117	phage	vs.6	early	Wolfram-Schauerte_cleaned.tsv
gene-T4p067	phage	55.2	middle	Wolfram-Schauerte_cleaned.tsv
gene-T4p063	phage	a-gt.4	middle	Wolfram-Schauerte_cleaned.tsv
gene-T4t002	phage	gene-T4t002	middle	Wolfram-Schauerte_cleaned.tsv
gene-T4p235	phage	nrdA.1	middle	Wolfram-Schauerte_cleaned.tsv
gene-T4p239	phage	frd	middle	Wolfram-Schauerte_cleaned.tsv
gene-T4p209	phage	30.6	middle	Wolfram-Schauerte_cleaned.tsv
gene-T4p230	phage	gene-T4p230_gene_nrdB	middle	Wolfram-Schauerte_cleaned.tsv
gene-T4p247	phage	gene-T4p247_gene_dsbA	middle	Wolfram-Schauerte_cleaned.tsv
gene-T4p134	phage	trna.3	early	Wolfram-Schauerte_cleaned.tsv
gene-T4p015	phage	dexA.1	middle	Wolfram-Schauerte_cleaned.tsv
gene-T4p013	phage	motB.2	early	Wolfram-Schauerte_cleaned.tsv
gene-T4p064	phage	a-gt.5	middle	Wolfram-Schauerte_cleaned.tsv
gene-T4p050	phage	44	middle	Wolfram-Schauerte_cleaned.tsv
gene-T4p169	phage	20	early	Wolfram-Schauerte_cleaned.tsv
gene-T4p143	phage	53	early	Wolfram-Schauerte_cleaned.tsv
gene-T4p123	phage	e	middle	Wolfram-Schauerte_cleaned.tsv
gene-T4p086	phage	nrdC.2	middle	Wolfram-Schauerte_cleaned.tsv
gene-T4p193	phage	28	early	Wolfram-Schauerte_cleaned.tsv
gene-T4t008	phage	gene-T4t008	middle	Wolfram-Schauerte_cleaned.tsv
gene-T4p133	phage	trna.2	middle	Wolfram-Schauerte_cleaned.tsv
gene-T4p271	phage	ndd.2a	early	Wolfram-Schauerte_cleaned.tsv
gene-T4p029	phage	soc	early	Wolfram-Schauerte_cleaned.tsv
gene-T4p167	phage	18	early	Wolfram-Schauerte_cleaned.tsv
gene-T4p071	phage	55.6	early	Wolfram-Schauerte_cleaned.tsv
gene-T4p139	phage	1	middle	Wolfram-Schauerte_cleaned.tsv
gene-T4p036	phage	sp	early	Wolfram-Schauerte_cleaned.tsv
gene-T4p084	phage	nrdC	middle	Wolfram-Schauerte_cleaned.tsv
gene-T4p254	phage	t	early	Wolfram-Schauerte_cleaned.tsv
gene-T4p265	phage	52.1	middle	Wolfram-Schauerte_cleaned.tsv
gene-T4p121	phage	ipII	middle	Wolfram-Schauerte_cleaned.tsv
gene-T4p093	phage	nrdC.9	middle	Wolfram-Schauerte_cleaned.tsv
gene-T4p018	phage	dda.1	middle	Wolfram-Schauerte_cleaned.tsv
gene-T4p199	phage	alt.-1	middle	Wolfram-Schauerte_cleaned.tsv
gene-T4p056	phage	46.2	middle	Wolfram-Schauerte_cleaned.tsv
gene-T4p080	phage	pin	middle	Wolfram-Schauerte_cleaned.tsv
gene-T4p153	phage	8	early	Wolfram-Schauerte_cleaned.tsv
gene-T4p234	phage	gene-T4p234_gene_nrdA	middle	Wolfram-Schauerte_cleaned.tsv
gene-T4p085	phage	nrdC.1	middle	Wolfram-Schauerte_cleaned.tsv
gene-T4p161	phage	15	early	Wolfram-Schauerte_cleaned.tsv
gene-T4p126	phage	e.3	middle	Wolfram-Schauerte_cleaned.tsv
gene-T4p116	phage	vs.5	middle	Wolfram-Schauerte_cleaned.tsv
gene-T4p257	phage	arn	middle	Wolfram-Schauerte_cleaned.tsv
gene-T4p261	phage	arn.4	middle	Wolfram-Schauerte_cleaned.tsv
gene-T4p146	phage	repEA	early	Wolfram-Schauerte_cleaned.tsv
gene-T4p046	phage	imm.1	early	Wolfram-Schauerte_cleaned.tsv
gene-T4p052	phage	rpbA	middle	Wolfram-Schauerte_cleaned.tsv
gene-T4p078	phage	gene-T4p078_gene_49	middle	Wolfram-Schauerte_cleaned.tsv
gene-T4p237	phage	td	middle	Wolfram-Schauerte_cleaned.tsv
gene-T4p070	phage	55.5	early	Wolfram-Schauerte_cleaned.tsv
gene-T4p131	phage	e.8	early	Wolfram-Schauerte_cleaned.tsv
gene-T4p061	phage	a-gt.2	middle	Wolfram-Schauerte_cleaned.tsv
gene-T4p236	phage	nrdA.2	middle	Wolfram-Schauerte_cleaned.tsv
gene-T4p012	phage	motB.1	middle	Wolfram-Schauerte_cleaned.tsv
gene-T4p259	phage	arn.2	middle	Wolfram-Schauerte_cleaned.tsv
gene-T4p266	phage	ac	middle	Wolfram-Schauerte_cleaned.tsv
gene-T4p154	phage	9	early	Wolfram-Schauerte_cleaned.tsv
gene-T4p034	phage	61.1	middle	Wolfram-Schauerte_cleaned.tsv
gene-T4p194	phage	29	early	Wolfram-Schauerte_cleaned.tsv
gene-T4p204	phage	30.2	middle	Wolfram-Schauerte_cleaned.tsv
gene-T4p215	phage	31.1	middle	Wolfram-Schauerte_cleaned.tsv
gene-T4p044	phage	42	middle	Wolfram-Schauerte_cleaned.tsv
gene-T4p185	phage	uvsY.-2	early	Wolfram-Schauerte_cleaned.tsv
gene-T4p065	phage	55	middle	Wolfram-Schauerte_cleaned.tsv
gene-T4p180	phage	24.3	middle	Wolfram-Schauerte_cleaned.tsv
gene-T4p105	phage	rI.1	middle	Wolfram-Schauerte_cleaned.tsv
gene-T4p001	phage	rIIA	middle	Wolfram-Schauerte_cleaned.tsv
gene-T4p221	phage	cd.4	middle	Wolfram-Schauerte_cleaned.tsv
gene-T4p049	phage	62	middle	Wolfram-Schauerte_cleaned.tsv
gene-T4p035	phage	61.2	middle	Wolfram-Schauerte_cleaned.tsv
